title,text,type
美国 海洋 大气 局 预测 未来 五年 全球 平均气温 还 再 升高,全球 工业化 进程 持续 推进 大气 二氧化碳 浓度 不断 攀升 对应 地球 遭遇 极端 天气 频率 逐步 增加 报道 世界气象组织 发布 未来 五年 全球 气温 预测 评估 显示 过去 五年 记录 最热 五年 2020 成为 史上 最 炎热 一年 可能性 高达 74.67% 更坏 消息 美国 海洋 大气 局 预测 未来 五年 全球 平均气温 还 再 升高 世界气象组织 发布 气温 预估 指出 未来 五年 全球 气温 每年 工业化 水平 1850 1900 升高 至少 全球 气温 升高 影响 地球 两级 地区 北极 升温 幅度 全球 平均值 两倍 以上 未来 五年 南部 海洋 部分 地区 之外 全球 几乎 所有 地区 进一步 变暖 南美洲 北部 东部 地区 干旱 人类 命运 共同体 极端 天气 出现 整个 人类 群体 造成 损伤 为此 世界气象组织 积极 发挥 作用 世界气象组织 秘书长 坦言 巴黎 协定 目标 面临 巨大 挑战 全球 平均气温 升幅 控制 工业化 水平 之内 力争 气温 升幅 控制 1.5 以内,1
苹果公司 计划 亚马孙 雨林 捐款 用于 保护 修复 雨林,外媒 报道 当地 时间 26 苹果公司 首席 执行官 库克 公司 捐款 用于 恢复 火灾 后 亚马孙 森林 报道 库克 26 日发 推文称 苹果公司 计划 亚马孙 雨林 捐款 用于 保护 恢复 雨林 库克 亚马孙 热带雨林 世界 上 最 重要 生态系统 火灾 造成 破坏 感到 痛心 写道 苹果公司 捐款 帮助 保护 生物 多样性 恢复 整个 拉丁美洲 不可或缺 亚马孙 雨林 库克 透露 具体 捐款 金额 据悉 亚马孙 雨林 大火 2013 最快 速度 燃烧 23 巴西 总统 博索 纳罗 签署 行政 令 派遣 军队 应对 火灾 24 日起 巴西 国防部 亚马孙地区 部署 4.4 万名 士兵 协助 扑灭 森林 大火 26 七国集团 G7 峰会 举行 气候 会议 环节 与会 国家 承诺 投入 2000 万美元 基金 帮助 巴西 等国 应对 亚马孙 大火 G7 将会 发起 长期 计划 帮助 保护 雨林 巴西 环境 部长 对此 热烈欢迎,1
面对 粮食 生产 严峻 形势 提升 粮食 生产 抗 风险 能力,近 一个月 连续不断 雷暴雨 后期 还会 出现 病虫害 令 长江 中下游 稻麦 轮作 区 种植 大户 心生 不安 面对 粮食 生产 严峻 形势 提升 粮食 生产 抗 风险 能力 确保 国家 区域 粮食 高产 安全 高产 优质 关键在于 转 方式 12 扬州 大学 组织 召开 卫星 导航 对行 精准 施肥 施药 技术 装备 研究 项目 成果 现场 评价 会上 江苏省 农业 农村 厅 江苏省 作物 学会 江苏省 农技 推广站 江苏 大学 农业 领域专家 深入 研讨 提出 粮食 生产 后期 多方面 应对 方案 建议 江苏省 作物 学会 理事长 巫 建华 研究员 介绍 江苏 现 耕地 保有量 7745.75 万亩 永久 基本农田 5880.16 万亩 种植 稻麦 选育 优良品种 推行 智能 农机 高产 栽培 农艺 结合 小麦 生产 抵抗 住 迟播 倒春寒 虫害 影响 小麦 高产 目标 专家 示范 方 普遍 亩产 1100 斤 全省 种植 水稻 面积 约 3400 万亩 左右 专家 介绍 粮食作物 栽培 施肥 施药 尚属 粗放型 阶段 特别 作物 小苗 阶段 仍 普遍 满 撒满 喷 工艺 农药 80% 落地 化肥 50% 挥发 流失 大量 浪费 化肥 农药 严重 污染 土壤 更是 低产 低效 改变 现状 已 刻不容缓 科技日报 记者 针对 粮食 生产 过程 存在 扬州 大学 科研 团队 总结 40 多年 作物 理论 推广 水稻 精确 定量 栽培技术 基础 上 南京 沃杨 机械 科技 有限公司 无锡 卡尔曼 导航 技术 有限公司 共同 承担 江苏省 科技 支撑 计划 项目 卫星 导航 对行 精准 施肥 施药 技术 装备 研究 任务 重点 研发 卫星 导航 基础 对行 施药 对行 施肥 机械 除草 技术 装备 大幅度 节省 稻麦 中小 苗肥 药用 量 提高 防病 治虫 能力 确保 粮食 生产 高产 高效 相关 科研 技术 成果 江苏 新疆 内蒙古 地方 示范 应用 扬州 大学 江都 高端 装备 研究院 常务副 院长 黄庆华 眼里 农业 智能 先进 技术 装备 颠覆 传统 农业 靠天吃饭 生产 模式 传统 人工 田间 施肥 施药 作业 精度 低 作业 质量 不高 卫星 导航 对行 精准 施肥 施药 装备 利用 靶 精准 施肥 施药 技术 提高 施肥 施药 准确度 保证 药物 肥料 喷洒 播撒 位置 减少 农药 入土 肥料 挥发 流失 大大增加 肥料 农药 利用率 有效 提高 农业 种植 经济效益 江苏 大学 副校长 吴春笃 藏 粮于技 藏 粮于 种地 还要 科技 近年来 我国 各类 自然灾害 高发 粮食 生产 高产 优质 各级 政府 必须 建立 预警 机制 专家 决策 系统 加大 水利 实施 建设 完善 植保 体系 注重 推广应用 农业 农机 农艺 结合 先进 装备 产学研 合作 加快 培养 新型 职业 农民 人 种地 转向 专家 种地 全面 提升 我国 粮食 生产 水平 天气 变化无常 需 加强 灾情 监测 扬州 大学 张瑞宏 教授 看来 粮食安全 事关 国家 安全 我国 小麦 喜获丰收 水稻 面临 多方面 不可 抗拒 因素 水稻 正 处于 发育 生长 关键期 后期 田间管理 防病 治虫 稍有不慎 造成 减产 绝产 马虎 不得 江苏 金运 农业 发展 公司 董事长 华班安 告诉 记者 金运 农业 扬州 大学 全面 合作 江都 区 邵伯镇 建立 4000 亩 现代 智能 农业产业 示范区 专家 指导 依托 卫星 导航 对行 精准 施肥 施药 技术 成套 智能 装备 一次性 完成 水耕 起浆 平整 水播 除草 施肥 施药 道工序 作业 示范区 水稻 最高 亩产量 1500 斤 记者 12 随同 相关 农业 专家 来到 金运 农业 示范田 进入 暴雨 金运 农业 抢 暴雨 到来 完成 夏播 施肥 施药 加上 完善 农田水利 设施 工程 支撑 选育 南 粳稻 9108 品种 稻苗 发育 粗壮 长势 良好 专家 指出 进入 汛期 后 地区 天气 变化无常 长江 中下游 稻麦 轮作 主产区 需 应用 信息 智能化 手段 加强 水情 苗情 肥情 虫情 病情 草情 监测 遇到 雷暴雨 利用 现有 水利 设施 组织 农户 开沟 排水 降低 田间 水位 后期 及时 补苗 追肥 专家 指导 加强 作物 田间管理 把握 好 用药 时间 浓度 方法 做好 病害 预防 降低 不同 自然灾害 损失 记者 过国忠,1
联想家 悦 E3589 配备 AMD 羿龙 三核 8650 处理器 显示 效果,联想家 悦 E3589 定位 中低端 家用 产品 家悦 E3589 整体 性能 表现 放置 居家 环境 一定 生活 环境 增色 不少 北京 报价 3626 元 用户 联系 商家 询问 全 黑色 机身 依旧 橙色 线条 点缀 机箱 上方 用户 配备 读卡器 接口 USB 接口 音频接口 方便 用户 接插 外部设备 显示 21.5 寸 宽 屏 液晶 显示 效果 联想家 悦 E3589 配备 AMD 羿龙 三核 8650 处理器 标配 2G 内存 320G 硬盘 主流 配置 保证 稳定 运行 速度 512MB 显存 AMD Radeon HD4350 独立 显卡 保证 大型 游戏 高清 电影 编辑 点评 联想家 悦 E3589 外观设计 依旧 延续 家悦 系列 沉稳 活泼 外观设计 价格合理 配置 适中 家庭 量身定做 感兴趣 关注 一下,1
掌上 维度 携 共享 新 业务 登顶 创投 风口 新 高度,最早 滴滴 打车 ofo 共享 出行 再 途家 民宿 共享 小猪 短租 共享 度假 共享 经济 涉及 领域 不断 扩展 成为 新 时期 创投 风口 至今 共享 充电 宝在 创投 圈 着实 火 一把 资本 涌入 格外 亢奋 共享 经济 快速 发展 有力 共享 充电 宝 是否 真正 成为 共享 明星 共享 充电 宝 到底 真 痛点 伪 需求 增量 思维 考量 市场需求 衡量 共享 充电 宝 需求 真伪 关键在于 共享 模式 能否 做到 以下 两点 释放 用户 需求 引流 新 用户 进入 提升 低 活跃 用户 频率 智能手机 软硬件 不断 发展 人们 智能手机 依赖 程度 不断 增加 智能手机 成为 人们 日常生活 一部分 PC 端 设备 应用 需求 逐渐 智能手机 替代 导致 智能手机 电量 提出 高 需求 用户 比较 方便 获取 手机 电能 补充 服务 便 不再 去 克制 压抑 手机 需求 用户 安全感 后 需求 释放出来 共享 充电 宝 真正 机会 在于 用户 增量 市场需求 移动 互联网 红利 天花板 已近 突破 抓住 未来 在线 上 流量 红利 消失 殆尽 线下 流量 成为 抓住 未来 突破口 炙手可热 共享 充电 宝 商业模式 快速 收回 成本 快速 大量 用户 这才 承接 市场 增量 需求 行业 投资者 认可 重要 因素 掌上 维度 最早 涉足 共享 充电 行业 领军 企业 最初 犀牛 娱乐 服务站 固定 共享 充电 设备 做起 2012 成立 至今 不断 优化 服务 场景 模式 旨在 用户 全方位 场景 充电 服务 资本 风口 共享 充电 细分 领域 进入 快速 发展期 掌上 维度 多年 行业 内 运营 经验 数据 积累 深耕 移动 互联网 时代 不断 变化 用户 需求 最初 固定 共享 充电 服务 业务 快速 升级 迭代 移动式 共享 充电 服务 业务 开启 移动 共享 充电 服务 新纪元 产品 掌上 维度 原有 固定 共享 充电 服务 积累 丰富 经验 转移 移动式 共享 充电 服务 产品 共享 充电 宝中 开展 全方位 共享 充电 服务 最终 形成 完整 服务平台 共享 充电 领域 第一家 上市公司 掌上 维度 止步 现阶段 商业 结构 未来 掌上 维度 逐步 涉及 电力 服务 角度 深化 智能 生活 方方面面 掌上 维度 早 2015 共享 充电 业务 盈利 并于 2017 正式 挂牌 新 三板 成为 名副其实 共享 充电 第一股 掌上 维度 用户 体验 为先 不断 产品 革新 建立 品牌 区隔 以期 移动 互联网 时代 移动 用户 精准 有效 体验 良好 服务 正是 赢得 未来 关键 手机 充电 行业 充电 共享 充电 2017 掌上 维度 北京 丽都 假日酒店 举办 共享 充电 产品 发布会 届时 掌上 维度 携 共享 新 业务 登顶 创投 风口 新 高度 发布 新 产品 服务 升级 手机 充电 布局 新 战略 快速 领跑 行业 充电 展现 新 姿态 拓展 未来 共享 充电 共享 充电 第一股 掌上 维度 将会 共享 充电 行业 惊喜 拭目以待,1
晓风 棋牌 游戏 合理 高效 推广 不 盲目 低成本 创造 王者 荣耀,现如今 谈及 手游 大部分 人 想到 近年 大红大紫 王者 荣耀 风光 一时无两 背后 却是 依托 庞大 平台 巨额 投入 才 取得 一类 游戏 研发 推广 成本 相对 小 推广 方式 多样 高效 用户 粘性 高 收入 流水 增长 迅速 毛利率 高 说 一定 所有 游戏 开发 运营商 梦寐以求 大热 手机 棋牌 游戏 棋牌 游戏 火热 程度 毋庸置疑 晓风 棋牌 游戏 系统 发现 产品 同质化 相对 严重 行业 环境 解决 棋牌 手游 流量 系统 研发 两大 核心 创业 型 中小 投资者 来讲 盲目投资 推广 不 可行 必须 成本 控制 思维 深谙 棋牌 游戏 运营 之道 才 致胜 关键 合理 高效 推广 不 盲目 棋牌 游戏 成功 上线 推广 首当其冲 环节 棋牌 游戏 推广 方式 线上 推广 线下 推广 数字 媒体 媒体 棋牌 游戏 互联网 属性 无疑 最 有效 推广 方式 线 上线 整合营销 线上 推广 整体 思路 应当 内容 渠道 方式 即将 优质 内容 有效 渠道 精准 发布 出去 最终 目标 受众 晓风 棋牌 游戏 系统 中小 成本 创业 棋牌 游戏 从业者 来讲 优质 内容 营销 棋牌 游戏 线上 推广 成本 最低 见效 最快 营销 方式 好 内容 渠道 多样化 比较 常见 贴 综合 论坛 媒体 微信 公众 号 微博 今日 头条 知乎 还 利用微 信群 QQ 群等 群体性 社交 软件 推广 线下 推广 比较简单 粗暴 线下 海报 宣传 电影院 茶餐厅 线下 比赛 线下 活动 快 高效 推广 方式 二 技术 选择 正确 不 被动 选择 技术 先进 成本 合理 开发商 棋牌 游戏 运营商 从业 遇到 第一个 一般来说 两种 选择 第一个 组建 研发 团队 成本 高昂 中小 投资者 来讲 不 可取 晓风 棋牌 游戏 系统 推荐 第二种 选择 专业 棋牌 游戏 开发商 合作 棋牌 中小 投资者 来讲 选择 专业 正规 服务 良好 开发商 合作 前期 降低 技术 版块 投入 依托 开发商 强大 技术实力 以后 成功 运营 打下 坚实 基础 更深一层 透过 正规 专业 开发商 合作 未来 依托 技术 服务 架立 技术 团队 研发 体系 面对 市场 平台 竞争 科技 技术 发展 双重 压力 考验 不至于 孱弱 被动 当然 有个 前提 必须 选择 一家 正规 专业 合作 商 现如今 棋牌 游戏 行业 明显 已 处于 蓬勃发展 风口 上 广大 跃跃欲试 从业者 投资者 来讲 深刻理解 市场 诉求 精明 营销 推广 合理 成本 控制 必然 帮 广大 投资人 棋牌 游戏 这块 巨大 蛋糕 中分 一杯 羹 棋牌 游戏 运营 感兴趣 欢迎 咨询 晓风 棋牌 游戏 系统 国内 打开 最快 运营 最 稳定 玩法 最多 棋牌 游戏 系统 棋牌 游戏 手游 开发 是晓风 棋牌 游戏 系统 着力 打造 研发 方向 凭借着 过硬 技术 积累 晓风 棋牌 游戏 系统 帮助 大量 客户 市场 快速 抓住 热点 做出 符合 市场 预期 产品 最终 获取 成功,1
共享 单车 立体车库 有效 缓解 单车 停放 系列,共享 单车 在生活中 常见 交通工具 共享 单车 经常 随骑 随停 停放 杂乱 拥挤 状况 屡见不鲜 10 消息 郑州 街头 出现 共享 单车 立体 停车位 该车 位为 双层 设计 两排 均 停车 操作 简单 10 秒钟 即可 完成 一次 停取 当地 消防队员 称 道路 处 位置 靠近 医院 人流量 很大 共享 单车 使用率 高 车辆 停放 关系 市民 用车 方便 市容 整洁 面对 这种 街道 办事处 便 安装 针对 共享 单车 立体车库 以此 缓解 道路 拥挤 使 车辆 摆放 整齐 雅观 共享 单车 立体车库 长约 20 米 双层 设定 容纳 58 辆 共享 单车 车库 两旁 还 放置 停取 指南 第一次 市民 指南 上 提示 轻松 停取 车辆 整个 过程 需 10 秒 方便快捷 近几年 共享 经济 发展 共享 单车 行业 内 竞争 愈发 激烈 品牌 共享 单车 层出不穷 单车 停放 管理 困难 立体车库 出现 有效 缓解 单车 停放 系列 整理 市容 方便 市民 出行,1
努比亚 计划 10 17 举行 新品 发布会 公开 努比亚 Z11 mini S,外媒 报道 努比亚 媒体 发出 邀请函 计划 10 17 举行 新品 发布会 华为 OPPO 锤子 确定 发布会 时间 第四家 国产 厂商 举行 新品 发布会 媒体 努比亚 发布会 上 正式 公开 新款手机 NubiaZ11MiniS 努比亚 邀请函 明确 这是 努比亚 品牌 创建 第四个 年头 在此之后 这份 邀请函 上 新品 发布会 蛛丝马迹 传言 努比亚 新款 智能机 NubiaZ11MiniS 可惜 出 双 摄像头 之外 得到 Z11MiniS 信息 月份 努比亚 黑金 版 新 配色 显然 不能 努比亚 粉丝 NubiaZ11MiniS 及时 必要,1
考完 一级 建造师 拿到 证书 二级 建造师 证书 失效,知道 建造师 分为 一级 二级 二级 建造师 等级 稍低 只能 承接 中小型 项目 一级 建造师 承接 大中型 项目 建筑 新人 往往 选择 先考 二级 建造师 几年 资历 够 再 报考 一级 建造师 考完 一级 建造师 拿到 证书 二级 建造师 证书 失效 分为 好几种 考了 一级 建造师 二级 建造师 证书 失效 考试 专业 之分 证书 是否 失效 看 考试 专业 两次 考 专业 相同 专业 不 不同 一级 建造 证书 二级 建造 证书 专业 相同 两本 证书 不 有效 注册 一级 建造师 必须 取消 二级 建造师 证书 部门 核查 发现 证书 重复 一级 建造师 注册 失败 同一 专业 一级 建造师 二级 建造师 额 功能 差不多 二级 承接 范围 更广 不必 担心 持有 二级 建造师 证书 做 项目 做 只不过 换 一本 证书 一级 建造师 所考 专业 二级 不同 二级 建造师 证书 下来 建筑 市场 规范 以前 注册 公司 两本 证书 必须 注册 一家 公司 注册 公司 必须 具备 两种 资质 才能 注册 两个 专业 证书 一家 公司 资质 一本 证书 处于 闲置 状态 办法 注册 效力 等同于 失效 说 建造师 考试 同一 专业 考试 考了 一级 建造师 上 发展 影响 并不大 提升 能力 薪资 水平 考虑 考 一级 证书 不同 专业 影响 挺大 工作 需求 发展 方向 选择 考 一级 建造师 二级 建造师 增项 选择 合适 方式,1
二级 建造师 零 基础 备考,二建 很 简单 行业 外 人员 三个 备考 时间 就够 够 行业 内 简单 一两个 搞定 毕竟 二级 执业 证书 一级 建造师 一建 自然 难度 会高 说 一下 大概 备考 方法 考 二级 建造师 人 大部分 上班族 当然 大学生 考试 不在少数 时间 比较 紧张 大纲 必须 看 明白 按着 大纲 规划 复习 事先 安排 好 复习计划 等到 看书 总会 手忙脚乱 二建 时间 并不多 不 代表 不 时间 每天 至少 抽 两三个 小时 三四个 小时 学习 必须 毕竟 一场 考试 闹着玩 法规 有助于 整个 建筑工程 框架 系统性 学完 二级 建造师 考试内容 整体性 认识 尤其 小白 必要 当然 法规 全 靠背 脚踏实地 理解 加 背诵 复习 效果 再 复习 施工 管理 实务 二建 实务 科目 两科 综合 尽量 放在 最后 复习 当然 节约 时间 考生 实务 施工 管理 进度 质量 安全 合同 成本 控制 相关 章节 结合 起来 复习 法规 看 完 二建 知识点 有个 大概 框架 学习 难点 不 过程 后面 迎刃而解 学习 顺序 法规 管理 实务 保证 充足 看书 时间 做题 整理 笔记 整理 笔记 很 重要 花 不了 时间 成效 很 高 特别 法规 概念性 科目 提炼 知识点 构造 知识 框架 亲自 整理 一套 知识点 框架 体系 大致 记住 考点 除开 书籍 之外 视频 资料 辅助 学习 最好 东西 视频 讲解 精讲 知道 真正 理解 东西 才能 记得 深刻 光 看书 跟刷题 不 听听 别人 讲解 题型 牛角尖 钻 一辈子 钻 不 出去 搞 工程 搞 科研 听听 其他人 声音 视频 资料 必要 资料 历年 真题 为主 必须 看 做 越近 年份 真题 越要 心思 看 少说 三年 多则 五年 看 个人 习惯 一定 找 人 交流 交流经验 学习 以后 职业 方向 帮助 尤其 成功 上岸 一起 聊聊 学习 经验 考试 疑问 问问 不要 两耳不闻 窗外事 一心 只读 圣贤书 好 考试 最新消息 有人 分享 才行 全国 各地 不用 担心 到时候 报名 错过 报名 时间 做到 几点 基本 备考 无忧 方法 方法 最终 看 个人 努力 方法 考过,1
报考 一级 建造师 二级 建造师 证书,报考 一级 建造师 二级 建造师 证书 下面 小编 一起 帮助 一建 证书 二建 证书 同一个 专业 一建 二建 证书 不能 意味着 取得 相同 专业 不同 等级 证书 必须 注销 二建 才能 注册 一建 取得 公路 专业 一级 二级 建造师 证书 这时候 二建 证书 必须 注销 注册 建设 主管部门 查 证书 重复 注册 不予 取得 一建 二建 证书 分别 不同 专业 两个 证书 必须 注册 同一个 单位 很 证书 处于 废置 状态 先后 市政 专业 二级 建造师 证书 公路 专业 一级 建造师 证书 二建 证书 有效 两个 证书 必须 一家 单位 注册 所在单位 公路 施工 资质 不 具备 市政 资质 市政 二建 证书 注册 相当于 失去 效用 取得 二级 建造师 证书 后 选择 考二建 增项 拿下 一建 需求 专业 方向 考虑 想 提升 能力 用来 挑战 高 职务 一建 证书 当然 发挥 更大 效用,1
二级 建造师 专业 好 考过 专业 最好 最 有用,二级 建造师 考试 科目 建设 工程施工 管理 建设工程 法规 相关 知识 专业 工程 管理 实务 而前 两个 考试 科目 专业 考生 统考 科目 专业 工程 管理 实务 科目 矿业 工程 水利水电 工程 建筑工程 公路工程 机电工程 市政 公用 工程 专业 考生 报名 选择 适合 专业 考试 综合 科目 单选题 多选题 专业科目 单选 多选 实务 操作 案例 分析题 建设 工程施工 管理 考试内容 施工方 项目管理 施工 成本 管理 施工进度 管理 施工 质量 管理 施工 合同 管理 施工 信息管理 施工 质量 管理 建设工程 法规 相关 知识 考试内容 建设工程 基本 法律 知识 施工 许可 法律 制度 建设工程 发 承包 法律 制度 解决 建设工程 纠纷 法律 制度 建设 安全工程 法律 制度 建筑工程 质量 法律 制度 专业 工程 管理 实务 考试内容 建筑 结构 技术 要求 建筑材料 施工 测量 技术 主题 结构 工程施工 技术 建筑 工程施工 安全 管理 建筑工程 施工现场 管理 建设工程 法规 相关 知识 考试 时间 小时 总分 100 分 建设 工程施工 管理 专业 工程 管理 实务 两个 科目 考试 时间 分别 小时 总分 120 分 三个 科目 分为 半天 考试 同一天 考试 通过率 考试 难度 二建 专业 考生 考试 通过率 反映 出该 专业 考试 难度 通过率 越高 专业 考试 难度 越低 筑材 教育 二级 建造师 专业 难度 排行 从易 难 建筑 机电 公路 市政 水利水电 矿业 工程 此处 学员 通过率 评估 不 完全 代表 该科 真实 难易 程度 小编 个人 觉得 市政 难度 相 较大 些 建筑工程 最 普及 人 数最多 需求 最 容易 考 建筑工程 二级 建造师 数量 应该 所有 综合 加 起来 还 还要 看 从事 专业 从事 行业 为主 以后 考增 项目 四 行业 市场前景 衡量 报考 专业 最好 市场 最好 最多 市政工程 当然 市政 最 难考 100 个人 里 一次性 考过 一两个 市场前景 一成不变 市场 供需 关系 变化 也许 明年 大力 投资 矿业 工程建设 明年 矿业 工程 二级 建造师 受欢迎 专业 好不好 看 标准 评价 最 适合 最好 选报 专业 还要 结合 所学 专业 从事 领域 建造师 考试 实操 经验 考试 相关 行业 实际 经验 考试 起来 难度 很大,1
二级 建造师 初次 备考 注意事项,二级 建造师 资格考试 复习 两门 公共课 法规 施工 管理 一门 专业课 房建 市政 报考 人数 一是 目标 计划 决心 信心 二建 考试 范围 不 难度 上 不难 坚持 读书 学习 基本 二是 系统 学习 建议 去 读书 目录 读书 先 目录 搞 明白 所考 知识 基本 框架 体系 建议 法规 管理 同步 学习 交叉 学习 精读 必须 读书 不要 思考 捷径 读书会 逐渐 建立 知识结构 体系 最后 针对 知识点 成本 分析方法 流水 施工 网络 计划 知识点 看 讲解 视频 加深 理解 三是 做 真题 精读 基础 上 搜集 三到 五年 真题 章节 知识点 归纳 整理 归纳 整理 发现 知识点 必考 出题 角度 考核 目的 做到 深度 考试 2020 二级 建造师 考试 时间 预计 月底 月初 应该 不少 同学 复习 复习 过程 肯定 迷茫 初次 考 二级 建造师 注意 事情 解决 帮助 明确 复习 目标 明确 目标 二级 建造师 考试 难度 全国 注册 二级 建造师 缺口 很大 坚信 一定 成为 一员 报名 参加 二级 建造师 考试 就要 100% 投入 做好 持久战 准备 势必 拿下 二级 建造师 证书 二级 建造师 教材 看 几遍 基础 王 教材 仔细阅读 以后 看课 精选 知识点 打下 坚实 基础 历年 真题 一定 好好 研究 建议 下载 上学 二级 建造师 考试 做 题 软件 里面 试题 试卷 丰富 专业 包含 二级 建造师 考试 历年 真题 高质量 模拟题 大大 做题 需求 切记 切记 出 大题 地方 出小题 千万 不要 出过 考点 再考 最 痛苦 事 猜不出 考 题 猜到 考试 却 做 不要 想当然 必考 必不考 修改 增加 内容 通常 重点 特别 重要 章节 改动 部分 新增 内容 很 考试 中考 动力 找 经验 人 一起 聊聊 启发 不要 羡慕 人 努力 不要 对押题 抱 100% 幻想 押题 锦上添花 雪中送炭 不要 相信 考前 答案 基本上 这种 10 学习 过程 做好 学习 规划 学习 计划表 学习 时间表 做好 规划 以上 便是 初次 备考 二级 建造师 考试 考生 10 条 建议 小编 始终 相信 一分耕耘 一分收获 努力 通关 二级 建造师 考试 最后 成本 角度 付出 时间 成本 降低 实际 资金 成本 节省成本 增值 目的 认真读书 学习 价值,1
二建 证书 市场 需求量 证书 是否 还 值钱,相较 一建 二建 考试 难度 低些 持证 人数 人 觉得 二建 证书 没 值钱 最近 2019 二建 成绩 已 公布 陆续 领证 二级 建造师 证书 是否 还 值钱 今天 一起 分析 一下 自挂证 专项 整治 全国 二级 建造师 注册 总量 不断 减少 市场 对二建 证书 需求量 并非 降低 新增 项目 负责人 技术 负责人 必须 具备 建造师 执业资格 证书 一定 工程量 项目 必须 增加 一位 建造师 二建 证书 市场 缺口 很大 证书 需求量 证书 职称 挂钩 价值 进一步 增加 证书 职称 相连 新 颁发 政策 一级 建造师 证书 评 中级职称 二级 建造师 证书 评 助理 工程师 增加 建造师 证书 价值 二建 全国 执业 证书 含金量 上涨 注册 建造师 管理 规定 明确 一级 注册 建造师 全国 范围 内以 一级 注册 建造师 名义 执业 二级 建造 师资格 考核 认定 参加 全国 统考 取得 二级 建造师 资格证书 注册 人员 全国 范围 内以 二级 注册 建造师 名义 执业 工程 所在地 各级 建设 主管部门 部门 不得 增设 变相 设置 跨地区 承揽 工程项目 执业 准入条件 二建 证书 还 未 全国 执业 省份 准许 外省 证书 注册 全国 执业 指日可待 二级 建造师 薪资 水平 不 低 大多数 职业 工资待遇 职位 个人 能力 地区 公司 挂钩 每个 因素 影响 工资 高低 二级 建造师 工资 不 例外 二级 建造师 最新 薪资 10 部分 高 一年 三四十万 很 正常 企业 建造师 证书 需求量 二建 证书 值钱 觉得 证书 没什么 错,1
影响 二级 建造师 薪资 因素,取得 建造师 执业资格 证书 符合 注册 条件 人员 必须 注册 登记 后 方 建造师 名义 执业 二建 证书 必须 注册 才 等待 领取 2019 年二建 考试 合格证书 知道 二建 证书 注册 有效期 多久 建设部 建造师 授权 机构 一级 建造师 执业资格 注册 管理机构 各省 自治区 直辖市 建设 行政 主管部门 制定 本行政区域 内 二级 建造师 执业资格 注册 办法 报 建设部 授权 机构 备案 准予 注册 申请 人员 分别 中华人民共和国 一级 建造师 注册 证书 中华人民共和国 二级 建造师 注册 证书 二级 建造师 证书 有效期 建造师 执业资格 注册 有效期 有效 期满 持证 应到 原 注册 管理机构 办理 再次 注册手续 注册 有效期 内 变更 执业 单位 应当 及时 办理 变更 手续 再次 注册 除应 符合 规定 第十八条 规定 外 还须 接受 继续 教育 证明 二级 建造师 考试 执业资格 考试 担任 项目经理 前提条件 建筑 市场 二建 证书 说 加薪 重要 凭证 当然 影响 二级 建造师 薪资 因素 有无 建造师 证书 工作 年限 建造师 工作 经验 工作 地区 今天 小 编为 整理 二级 建造师 职业 资格证 考取 二级 建造师 合格证书 后 说明 资格 从事 相关 工程 项目经理 工作 取得 二级 建造师 证后 注册 才 额外 薪资 二级 建造师 月薪 还 个人 所在 地区 相关 一级 二级 建造师 收入 不同 不同 地域 收入 不 消费 高 一线 城市 相对来说 建造师 收入 相对 高 二 三线 城市 薪资 稍微 低 一点 当然 还 各地 建筑行业 相关 政策 建筑业 发达 城市 薪资 待遇 自然 好 个人 经验 建筑行业 至关重要 企业 招聘 大多 招有 经验 人 企业 不用 培养 企业 产生 价值 企业 工作 经验 建造师 能力 同等条件 资历 好些 薪资 胜 影响 二级 建造师 薪资 因素 二级 建造师 证书 注册 专业 建造师 市场 上 不同 专业 不同 程度 需求 专业 方向 影响 二级 建造师 薪资 因素 建筑业 不断 发展 建造师 需求 二级 建造师 证书 建筑业 入门 职业资格 工作 不断 提高 完善 变得 价值 薪资 不断 上涨,1
二级 建造师 证书 机构 颁发,二级 建造师 建筑 类 执业资格 担任 项目经理 前提条件 注册 建造师 专业 技术 依托 工程 项目管理 为主 业 注册 执业 人士 二级 建造师 执业资格 考试合格者 由省 自治区 直辖市 人事部门 住 建 部门 颁发 中华人民共和国 二级 建造师 执业资格 证书 取得 建造师 执业资格 证书 注册 登记 后 二级 建造师 注册 证书 注册 后 建造师 方可 受聘 执业 二级 建造师 考试 科目 三门 二级 建造师 执业资格 考试 实行 全国 统一 大纲 全国 统一 命题 统一 考试 制度 2002 12 人事部 建设部 联合 印发 建造师 执业资格 制度 暂行规定 人发 2002 111 号 标志 我国 建立 建造师 执业资格 制度 工作 正式 建立 规定 明确规定 我国 建造师 指 从事 建设 工程项目 总 承包 施工 管理 关键 岗位 专业 技术人员 二级 建造师 综合 意义 综合 职能 上 来讲 一级 建造师 相差不多 综合 大体 以下 两点 二级 建造师 相应 资质 建筑业 企业 单位 担任 建设 工程项目 施工 项目经理 一级 注册 建造师 担任 小型 工程施工 项目 负责人 二级 注册 建造师 承担 小型 工程施工 项目 负责人 担任 建筑 工作 范围 来分 一级 建造师 从事 建筑工程 公路工程 铁路 工程 民航机场 工程 港口 航道 工程 水利水电 工程 市政 公用 工程 通信 广电 工程 矿业 工程 机电工程 共 10 二级 建造师 专业 分为 建筑工程 公路工程 水利水电 工程 市政 公用 工程 矿业 工程 机电工程 共 建造师 执业资格 制度 起源于 英国 迄今已有 150 余年 历史 世界 上 发达国家 建立 该项 制度 执业资格 建造师 已有 国际性 组织 国际 建造师 协会 我国 建筑业 施工 企业 10 万多个 从业人员 3500 多万 从事 建设 工程项目 总 承包 施工 管理 广大 专业 技术人员 特别 施工 项目经理 队伍 建立 建造师 执业资格 制度 必要 这项 制度 建立 必将 促进 我国 工程项目 管理人员 素质 管理水平 提高 促进 进一步 开拓 国际 建筑 市场 更好 实施 走 出去 战略方针 建造师 执业资格 制度 建立 以后 承担 建设 工程项目 施工 项目经理 仍 施工 企业 承包 某一 具体 工程 负责人,1
二级 建造师 职责 从业 方向,二级 建造师 建筑 类 执业资格 担任 项目经理 前提条件 注册 建造师 专业 技术 依托 工程 项目管理 为主 业 注册 执业 人士 建造师 专业 技术 依托 工程 项目管理 为主 执业 注册 人员 近期 施工 管理 为主 建造师 懂 管理 懂 技术 懂 经济 懂 法规 综合 素质 高 复合型 人员 既要 理论 水平 丰富 实践经验 强 组织 能力 建造师 注册 受聘 后 建造师 名义 担任 建设 工程项目 施工 项目经理 从事 施工 活动 管理 从事 法律 行政 法规 国务院 建设 行政 主管部门 规定 业务 行使 项目经理 职责 一级 注册 建造师 担任 建筑业 企业 资质等级 标准 规定 特级 一级 建筑业 企业资质 建设 工程项目 施工 项目经理 二级 注册 建造师 担任 二级 建筑业 企业资质 建设 工程项目 施工 项目经理 大中型 工程项目 项目经理 必须 逐步 取得 建造师 执业资格 人员 担任 取得 建造师 执业资格 人员 能否 担任 大中型 工程项目 项目经理 应由 建筑业 企业 自主 决定 建造师 项目经理 定位 不同 从事 建设工程 管理 建造师 执业 覆盖面 较大 涉及 工程建设 项目管理 担任 项目经理 建造师 执业 一项 项目经理 限于 企业 内 特定 工程 项目管理 建造师 选择 工作 权力 相对 自主 社会 市场 上 有序 流动 较大 活动 空间 项目经理 岗位 企业 设定 项目经理 企业 法人代表 授权 聘用 一次性 工程项目 施工 管理者 建造师 注册 受聘 后 建造师 名义 担任 建设 工程项目 施工 项目经理 从事 施工 活动 管理 从事 法律 行政 法规 国务院 建设 行政 主管部门 规定 业务 行使 项目经理 职责 二级 注册 建造师 担任 二级 建筑业 企业资质 建设 工程项目 施工 项目经理 取得 建造师 执业资格 人员 能否 担任 大中型 工程项目 项目经理 应由 建筑业 企业 自主 决定 相应 学历证书 原件 复印件 本人 身份证 军官证 原件 复印件 有效 业务 工作 证明 报名表 单位 意见 栏 填写 加盖 公章 本人 近照 寸 同底 免冠 照片 张 寸 同底 免冠 照片 张 贴于 报名表 指定 位置 如实 填写 当年度 二级 建造师 执业资格 考试 报名表 新 考生 如实 填涂 省 人事 考试 报名 信息卡 免试 部分 科目 需 相应 专业 中级 以上 专业 技术 资格证书 复印件 二级 项目经理 资质证书 复印件,1
二级 建造师 证书 下来 拖 多久 不 注册,二级 建造师 成绩 省市 公布 差不多 当然 城市 出来 成绩 没 出 成绩 小伙伴 不要 着急 毕竟 没 出 成绩 审核 还 没出 说 一下 进度 快 省市 考后 审核 好好 提交 资料 相信 领取 下来 证书 以后 做 注册 二级 建造师 必须 接收单位 依靠 工作 单位 注册 工作 单位 建筑行业 无关 找 相应 建筑行业 单位 注册 证书 有力 还 向上 发展 人 下来 证书 后 合适 单位 就业 不用 怕 时间 寻找 相应 单位 年里 找到 合适 单位 就业 逾期 未注册 还 符合 专业 继续 教育 要求 才能 申请 初始 注册 注册 建造师 初始 注册 申请表 资格证书 学历证书 身份证明 复印件 申请人 聘用 单位 签订 聘用 劳动合同 复印件 有效 证明文件 逾期 申请 初始 注册 应 继续 教育 要求 证明 材料 注 当地 相关 部门 需 资料 为准 申请 初始 注册 省 自治区 直辖市 人民政府 建设 主管部门 应当 受理 申请 之日起 20 日内 审查 完毕 申请材料 初审 意见 报 国务院 建设 主管部门 国务院 建设 主管部门 应当 收到 省 自治区 直辖市 人民政府 建设 主管部门 上报 材料 之日起 20 日内 审批 完毕 作出 书面 决定 部门 应当 受到 国务院 建设 主管部门 移送 申请材料 之日起 10 日内 审核 完毕 审核 意见 送 国务院 建设 主管部门 取得 二级 建造师 资格证书 人员 申请 注册 由省 自治区 直辖市 人民政府 建设 主管部门 负责 受理 审批 具体 审批 程序 由省 自治区 直辖市 人民政府 建设 主管部门 依法 确定 批准 注册 核发 国务院 建设 主管部门 统一 样式 中华人民共和国 二级 建造师 注册 证书 执业 印章 核发 证书 后 30 日内 送 国务院 建设 主管部门 备案 二级 建造师 注册 后 不能 大意 毕竟 辛辛苦苦 考 下来 证书 一定 好好 保管 注册 有效期 有效 期满 办理 再次 注册手续 变更 注册 手续,1
二级 建造师 领取 下来 证书 以后 做,二级 建造师 成绩 省市 公布 差不多 当然 城市 出来 成绩 没 出 成绩 小伙伴 不要 着急 毕竟 没 出 成绩 审核 还 没出 说 一下 进度 快 省市 考后 审核 好好 提交 资料 相信 领取 下来 证书 以后 做 注册 二级 建造师 必须 接收单位 依靠 工作 单位 注册 工作 单位 建筑行业 无关 找 相应 建筑行业 单位 注册 证书 有力 还 向上 发展 人 下来 证书 后 合适 单位 就业 不用 怕 时间 寻找 相应 单位 年里 找到 合适 单位 就业 逾期 未注册 还 符合 专业 继续 教育 要求 才能 申请 初始 注册 注册 建造师 初始 注册 申请表 资格证书 学历证书 身份证明 复印件 申请人 聘用 单位 签订 聘用 劳动合同 复印件 有效 证明文件 逾期 申请 初始 注册 应 继续 教育 要求 证明 材料 注 当地 相关 部门 需 资料 为准 申请 初始 注册 省 自治区 直辖市 人民政府 建设 主管部门 应当 受理 申请 之日起 20 日内 审查 完毕 申请材料 初审 意见 报 国务院 建设 主管部门 国务院 建设 主管部门 应当 收到 省 自治区 直辖市 人民政府 建设 主管部门 上报 材料 之日起 20 日内 审批 完毕 作出 书面 决定 部门 应当 受到 国务院 建设 主管部门 移送 申请材料 之日起 10 日内 审核 完毕 审核 意见 送 国务院 建设 主管部门 取得 二级 建造师 资格证书 人员 申请 注册 由省 自治区 直辖市 人民政府 建设 主管部门 负责 受理 审批 具体 审批 程序 由省 自治区 直辖市 人民政府 建设 主管部门 依法 确定 批准 注册 核发 国务院 建设 主管部门 统一 样式 中华人民共和国 二级 建造师 注册 证书 执业 印章 核发 证书 后 30 日内 送 国务院 建设 主管部门 备案 二级 建造师 注册 后 不能 大意 毕竟 辛辛苦苦 考 下来 证书 一定 好好 保管 注册 有效期 有效 期满 办理 再次 注册手续 变更 注册 手续,1
二级 建造师 好处 备考 二级 建造师,二级 建造师 好处 一起 一下 从事 建造 行业 考生 拿下 二建 证书 等于 拿下 一份 额外 保险 每年 增加 万 固定收入 真正 高 含金量 二级 建造师 建造 行业 项目经理 必备 证书 考过 二建 证书 员工 公司 重点 培养 项目经理 非你莫属 二级 建造师 证书 每月 平均工资 无证 人员 高 1000 1500 元 考 一张 简单 证书 加薪 法宝 二建 证书 努力 白费 总体 二级 建造师 考试 注重 基础 考核 形式 简单 考查 细致 范围广 简而言之 考试 比较简单 想 考过 不 容易 考生 一定 不要 抱 侥幸心理 去 碰运气 制定 合理 计划 每天 拿出 一定 时间 学习 有效 备考 方法 建议 报 辅导班 帮助 盲目 自学 反而 走 错 方向 听听 老师 讲 考试 基本 介绍 学习 方法 重难点 基础 好 老师 课 上举 例题 掌握 理解 教材 基础 不看 教材 妄想 考试 这种 不 存在 备考 考生 教材 仔细 研读 知识点 融会贯通 掌握 才 做题 想法 考取 二级 建造师 暂时 先 忘记 二级 建造师 好考 无论是 考试 付出 一定 努力 去 坚持 才能 收获 加油,1
二级 建造师 一级 建造师 不同,2002 12 人事部 建设部 联合 印发 建造师 执业资格 制度 暂行规定 人发 2002 111 号 标志 我国 建立 建造师 执业资格 制度 工作 正式 建立 规定 明确规定 我国 建造师 指 从事 建设 工程项目 总 承包 施工 管理 关键 岗位 专业 技术人员 二级 建造师 相应 资质 建筑业 企业 单位 担任 建设 工程项目 施工 项目经理 一级 注册 建造师 担任 小型 工程施工 项目 负责人 二级 注册 建造师 承担 小型 工程施工 项目 负责人 担任 建筑 工作 范围 来分 一级 建造师 从事 建筑工程 公路工程 铁路 工程 民航机场 工程 港口 航道 工程 水利水电 工程 市政 公用 工程 通信 广电 工程 矿业 工程 机电工程 10 二级 建造师 专业 分为 建筑工程 公路工程 水利水电 工程 市政 公用 工程 矿业 工程 机电工程 二级 建造师 资格证书 建造师 执业资格 制度 起源于 英国 迄今已有 150 余年 历史 世界 上 发达国家 建立 该项 制度 执业资格 建造师 已有 国际性 组织 国际 建造师 协会 我国 建筑业 施工 企业 10 万多个 从业人员 3500 多万 从事 建设 工程项目 总 承包 施工 管理 广大 专业 技术人员 特别 施工 项目经理 队伍 建立 建造师 执业资格 制度 必要 这项 制度 建立 必将 促进 我国 工程项目 管理人员 素质 管理水平 提高 促进 进一步 开拓 国际 建筑 市场 更好 实施 走 出去 战略方针 建造师 执业资格 制度 建立 以后 承担 建设 工程项目 施工 项目经理 仍 施工 企业 承包 某一 具体 工程 负责人 不同 类型 不同 性质 工程项目 专业性 技术性 建造师 实行 分 专业 管理 适应 不同 类型 性质 工程项目 建造师 专业 技术 要求 有利于 现行 建设工程 管理体制 相衔接 充分发挥 专业 部门 作用 现对 建造师 划分 10 专业 建筑工程 公路工程 铁路 工程 民航机场 工程 港口 航道 工程 水利水电 工程 市政 公用 工程 通信 广电 工程 矿业 工程 机电工程 原有 房屋建筑 装饰 装修 合并 建筑工程 矿山 冶炼 土木 部分 内容 合并 矿业 工程 电力 石油化工 机电 安装 冶炼 机电 部分 内容 合并 机电工程 一级 建造师 上述 10 专业 二级 建造师 建筑工程 公路工程 水利水电 工程 市政 公用 工程 矿业 工程 机电工程 专业,1
二级 建造师 含金量 到底 好不好 行情,二级 建造师 含金量 到底 好不好 正 所谓 知己知彼 才能 百战不殆 考试 总要 先 一下 行情 今天 小编 一起 详细 一下 二级 建造师 国家 组织 考试 全国性 建筑 类 职业 资格证书 一定 价值 近年来 国家 越发 重视 二级 建造师 政策 接踵而至 足以 显示 出 含金量 2015 二级 建造师 报考 人数 250 万人 2017 报考 人数 突破 350 万 2018 突破 400 万人 人 报考 意味着 需求 市场 人 报考 二级 建造师 足以 显示 出 含金量 建筑行业 二级 建造师 报考 条件 算是 很 低 凡 遵纪守法 具备 工程 类 工程 经济 类 中等 专科 以上学历 从事 建设 工程项目 施工 管理工作 满 人员 报名 参加 二级 建造师 执业资格 考试 注册 建造师 执业 范围 注册 建造师 有权 建造师 名义 担任 建设 工程项目 施工 项目经理 从事 施工 活动 管理 从事 法律法规 国务院 行政 主管部门 规定 业务 鼓励 提倡 注册 建造师 一师 多岗 近期 注册 建造师 建设 工程项目 施工 项目经理 岗位 鼓励 提倡 注册 建造师 一师 多岗 从事 国家 规定 业务 建筑行业 敲门砖 二级 建造师 行业 很 必要 证书 工资 薪水 为此 提升 一大截 成为 项目经理 月薪 上万 乐考 网 众所周知 如今 二级 建造师 还 不能 全国 化 大大 限制 人们 工作 地点 一线 城市 外 城市 二建 含金量 相对 低 近来 省份 实行 工作 全国 化 小编 推测 未来 二级 建造师 将会 实行 全国 化,1
二级 建造师 考试 算 合格,伟大 反义词 失败 不去 拼 距离 二级 建造师 考试 132 天 考 二级 建造师 小伙伴 抓紧时间 报考 预计 2020 二级 建造师 报考 时间 月份 个别 省份 月份 左右 二级 建造师 考试成绩 考试 结束 后 陆续 公布 届时 请 关注 各省 人事 考试 中心 网站 成绩 查询 栏目 即可 二级 建造师 考试合格 分数线 省份 来定 60% 近来 几个 省份 合格 分数线 上调 60% 预计 未来 考试 分数线 将会 全国 统一 建议 想 报名 小伙伴 抓紧时间 准备 报考 越 早 学习 越 早 收益 二级 建造师 增项 指考 全部 三科 增项 专业 增项 不 再考 公共 科目 需 报考 所要 增项 专业科目 便 增项 报名 第一次 报名 程序 基本 提交 身份证 学历 之外 省市 不要 学历 还要 提交 二建 证书 原件 复印件 国家 报名表 公司 盖章 基本 手续 审核 网上 付费 继续 教育 分为 必修课 选修课 注册 有效期 内 各为 60 学时 继续 教育 合格 标准 颁发 继续 教育 合格证书 继续 教育 具体 要求 国务院 建设 主管部门 会同 国务院 部门 另行规定 二级 建造师 管理条例 规定 注册 证书 执业 印章 有效期 到期 后应 申请 延续 注册 继续 教育 年内 参加 一次 考试合格 即可 建设 行政 主管部门 每年 举办 一次 留意 当地 建设 行政 主管部门 住 建厅 官 网上 通知 注册 有效 期满 需 继续 执业 应当 注册 有效期 届满 30 日前 第七条 第八条 规定 申请 延续 注册 延续 注册 有效期 注册 建造师 延续 注册 申请表 二 原 注册 证书 三 申请人 聘用 单位 签订 聘用 劳动合同 复印件 有效 证明文件 四 申请人 注册 有效期 内 继续 教育 要求 证明 材料 假 身份证 身份证 有效期 假 毕业证 学历 中专 以下 二级 建造师 工作 年限 不 符合规定 无 社保 社保 清单 不 合格 临时工 挂靠 均 不予 注册 一人 两个 以上 单位 注册 二级 建造师 所学 专业 不 符合规定 专业 非工程 类 经济 类 一人 同一个 单位 已有 注册证 造价师 监理 师 建筑师 结构 师 不予 注册 网上 无 电子 申报 信息 不 符合 免试 两门 条件 弄虚作假 骗取 考试 资格 10 职业 资格证 姓名 身份证 不符 11 二级 建造师 准备 注册 材料 不 齐全 12 二级 建造师 企业 签订 劳动合同 有效期 13 二级 建造师 用于 注册 证明 材料 字迹 模糊 或章 印 看不清 14 二级 建造师 职业 资格证书 身份证 上 信息 不符 姓名 不同 15 不予 注册,1
索尼 RX10M3 相机 定位 旅行 摄影 相机 防尘 防 飞溅 机身 设计,索尼 RX10M3 相机 中关村 在线 推荐 经销商 济南 新 金城 影视 器材 公司 促销 价格 9450 元 索尼 黑卡 RX10III 专业 级别 操控 独立 光圈 快门 ISO 变焦 环 肩屏 热靴 翻转 屏 拍摄 模式 转盘 丰富 自定义 按键 基本上 专业 操控 必须 按钮 索尼 黑卡 RX10 III 统统 职业 玩家 相机 操控 效率 追求 索尼 RX10 III 相机 定位 旅行 摄影 相机 寸 Exmor RS CMOS 2010 万 像素 传感器 镜头 配备 一枚 等效 24 600mm F2.8 镜头 全 像素 4K 视屏 拍摄 1000fps 拍摄 40 倍 超 慢速 视频 引入 视频模式 video centric Picture Profile 画面 变得 清晰 除此以外 该款 相机 防尘 防 飞溅 机身 设计 配有 机身 防抖 索尼 RX10 III 相机 全 像素 读取 模式 录制 4K 视频 外 1.7 倍 超 采样 4K 视频 录制 加入 拍摄 模式 video centric Picture Profile 模式 用户 精细化 操作 具备 更高 动态 范围 S Log2 S Gamut 配置 还 HFR 高帧 率 视频模式 拍摄 出 1000fps 全高清 慢动作 视频 4K 视频 拍摄 时可达 100 Mbps 1080P 全高清 模式 50 Mbps 编辑 点评 索尼 RX10III 相机 整体 外观 RX10II 太大 改变 整体 三围 133 x 94 x 127mm 重量 1051g 镁合金 机身 整体 结实 带有 防尘 防水 滴 功能,1
世嘉 梦幻 之星 Online 终于 登陆 北美地区 Xbox One 平台,世嘉 梦幻 之星 Online 终于 登陆 北美地区 Xbox One 平台 这是 世嘉 经典 MMORPG 游戏 游玩 免费 道具 收费 形式 游玩 款 游戏 Xbox Live Gold 会员 本周 梦幻 之星 Online 将会 两个 紧急任务 狡猾 黑翼 先锋 虚假 冠军 卢瑟 堕落 款 游戏 下旬 登陆 PC 平台 游戏 Microsoft Store 独占 梦幻 之星 Online 跨平台 游玩 意味着 主机 玩家 PC 玩家 一起 游玩 梦幻 之星 Online 梦幻 之星 系列 最新 作品 梦幻 之星 Online 正统 续作 玩家 人类 新 人类 机器人 三个 种族 之中 创造 属于 个性 角色 好友 一起 广大 世界 冒险 本作 特点 超强 角色 自定义 系统 动作游戏 般 爽快 战斗 体验,1
圆刚 C727 高清 采集卡 圆刚 PCI E 接口 广播级 HDMI 高清 采集卡,圆刚 C727 高清 采集卡 圆刚 针对 专业 高清 用户 PCI E 接口 广播级 HDMI 高清 采集卡 得到 全 分辨率 高清 无 压缩 视频 采集 C727 高清 采集卡 软件 兼容性 编解码 质量 超强 系统 稳定性 优异 表现 标准 DIRECT SHOW API 开发 第三方 软件 开发工具 还 SDK 二次开发 包 兼容 多种 常见 非编 软件 Adobe Premiere pro C727 高清 采集卡 出现 极大 降低 全 分辨率 实况 高清 制作 门槛 日见 兴起 高清 采集 领域 教育 录播 网络 视频会议 远程 培训 高清 医疗 特技 展台 多媒体 高清 视频 采集 广泛应用 屈指可数 高性价比 产品 圆刚 C727 高清 采集卡 HDMI 色差 输入 接口 采集 高清 标清 视频 节目源 圆刚 自带 Aver MediaCenter 软件 录制 成 格式 MPEG H.264 输出 基于 微软 Directshow 构架 第三方 软件 实时 录制 成 多种 流 媒体格式 上 传到 互连网 IPTV 多姿多彩 高清 精品 节目 片源 圆刚 C727 还 色差 AV S 端子 输入 最高 分辨率 1920 1080 大大 高清 摄像机 需求 采集 高清 720P 1080i 标清 480i 480P 多种 分辨率 讯源 上 图 看见 版身 做工 走线 清晰 焊点 饱满 ISO 14001 国际 环保 认证 无铅 制程 设计 采集卡 稳定性 确实 有利,1
海普诺凯 1897 走出 极具 品牌 标识 差异化 营销 道路,母婴 行业 品牌 营销 同质化 现象 日渐 严重 大多数 品牌 选择 发力 打造 带有 强 品牌 标识 IP 展开 差异化 营销 以期 助力 品牌 破圈 入局 品牌 长效 运营 用户 感知 差异化 特质 形成 区隔 品牌 品类 识别 出来 成为 IP 打造 挑战 行业 内 率先 探索 品牌 差异化 营销 品牌 海普诺凯 1897 多年 坚持 童话 艺术 形式 构建 消费者 沟通 桥梁 扎根 童话 节 IP 探索 创新 走出 极具 品牌 标识 差异化 营销 道路 16 海普诺凯 1897 用爱 成就 丨 牛小七 童梦 奇缘 暨 2020 童话 节 开启 仪式 中国 首座 世界 媒体 艺术 长沙 梅 溪湖 国际 艺术 中心 成功 举办 意味着 海普诺凯 1897 前期 差异化 营销 沉淀 正式 高层 级 迈进 信息 爆炸 时代 整个 母婴 行业 普遍 面临 营销 内容 同质化 差异化 营销 突破 营销 困境 用户 更好 识别 品牌 成为 共同 关注 话题 母婴 品牌 激烈 市场竞争 新形势下 品牌 差异化 营销 破局 之道 核心 在于 打造 极高 辨识 度 品牌 IP 消费者 感知 品牌 差异化 特质 事实上 母婴 品牌 早早 开展 差异化 营销 布局 主攻 国内 高端 奶粉 市场 海普诺凯 1897 基于 百年 贵族 以爱 传世 品牌 核心理念 精准 观察 父母 宝宝 艺术 启蒙 关注 重视 后 便 聚焦 童话剧 领域 发力 童话剧 启蒙 宝宝 艺术 天分 桥梁 消费者 不断 输出 品牌 核心理念 消费者 感知 品牌 差异化 特质 树立 品牌 自有 童话 节 IP 品牌 打造 差异化 品牌 IP 实际上 不断 沟通 影响 消费者 心智 过程 想 成功 打造 高 辨识 度 品牌 IP 远比 想象 难 奶粉 市场 品牌 林立 却 很少 品牌 海普诺凯 1897 全心投入 花 长时间 去 积累 2016 年海 普诺凯 1897 引入 童话剧 剧目 木偶 奇遇记 2018 自主 打造 童话 节 IP 幸福 牧场 总动员 海普诺凯 1897 童话 节 IP 不断 创新 升级 建立 消费者 长效 沟通 桥梁 带给 宝宝 更好 艺术 体验 宝宝 传递 爱 勇气 品质 万千 母婴 家庭 共同 探索 更好 育儿 方式 品牌 内容 强效 吸引 品牌 IP 受众 深度 转化 海普诺凯 1897 默默 探索 沉淀 2020 年海 普诺凯 1897 选择 童话剧 呈现 形式 剧目 创新 上 继续 发力 进一步 升级 深化 童话 节 IP 原有 童话剧 基础 上 加入 音乐 艺术 演绎 形式 品牌 IP 用户 内容 感知 层面 上 产生 共振 基于 18 低龄 宝宝 感知 还 完全 启蒙 传统 儿童 童话剧 引导 激发 低龄 宝宝 艺术 天分 洞察 海普诺凯 1897 携手 国内 儿童剧 专业 团队 小橙堡 行业 专家 联合国教科文组织 国际 木联 常委 Tito Lori Faith 专门 针对 低龄 宝宝 量身 打造 五感 启蒙 剧 牛小七 星光 城堡 黑匣子 剧场 这种 封闭 空间 精心设计 沉浸 体验式 互动 教育 宝宝 去 感知 艺术 潜移默化 力量 借助 艺术 方式 引导 宝宝 探索 未知 世界 唤醒 宝宝 想象力 创造力 感知力 助力 孩子 艺术 天分 得到 充分 感知 成功 使 品牌 童话 节 IP 受众 进一步 拓展 品牌 童话 IP 形成 强 印记 除开 延续 以往 童话 艺术 形式 表达 外 海普诺凯 1897 还 借助 签约 郎朗 全球 形象 代言人 童话 节 IP 全新 赋能 打造 全新 童话 节 IP 人物形象 音乐 王子 上线 郎朗 晚安 故事 音乐 电台 线上 迷你 童话剧 牛小七 艺术 乐园 童话 节 IP 衍生 礼品 研发 海普诺凯 1897 一系列 动作 提升 童话 节 IP 影响力 全新 演绎 形式 童话 节 IP 注入 活力 音乐 童话 相逢 最终 发挥 出 营销 动能 推动 品牌 IP 逐渐 形成 差异化 深刻 印记 守护 宝宝 内心 纯真 美好 面对 不断更新 迭代 目标 消费 人群 海普诺凯 1897 选择 常规 营销 打法 选择 展开 差异化 营销 树立 品牌 童话 节 IP 形象 融入 品牌 百年 贵族 以爱 传世 理念 不断 童话 节 内容 创新 升级 品牌 塑造成 陪伴 宝宝 童年 守护 宝宝 童心 守护者 角色 传递 宝宝 爱 美好 品质 比起 千篇一律 说教 内容 激发 用户 情感 层面 上 共鸣 透过 海普诺凯 1897 几年 基于 童话 节 IP 不断 展开 差异化 品牌 营销 不难看出 不 坚持 宝宝 高质量 产品 更是 宝宝 高质量 服务 砥砺 前行 2020 海普诺凯 1897 提出 全新 沟通 主张 用爱 成就 童话 节 IP 全新 升级 多方面 创新 形式 完美 诠释 主张 消费者 有效 沟通 品牌 穿透 圈层 根基 期待 品牌 未来 持续 发力 坚持 差异化 品牌 营销 方式 利用 品牌 IP 内容 释放 情感 价值 传递 品牌 力量 深度 链接 消费者 展现 品牌 关怀,1
二级 建造师 个人 工作 经验 影响 工资水平,取得 建造师 执业资格 证书 符合 注册 条件 人员 必须 注册 登记 后 方 建造师 名义 执业 二建 证书 必须 注册 才 等待 领取 2019 年二建 考试 合格证书 知道 二建 证书 注册 有效期 多久 建设部 建造师 授权 机构 一级 建造师 执业资格 注册 管理机构 各省 自治区 直辖市 建设 行政 主管部门 制定 本行政区域 内 二级 建造师 执业资格 注册 办法 报 建设部 授权 机构 备案 准予 注册 申请 人员 分别 中华人民共和国 一级 建造师 注册 证书 中华人民共和国 二级 建造师 注册 证书 二级 建造师 证书 有效期 建造师 执业资格 注册 有效期 有效 期满 持证 应到 原 注册 管理机构 办理 再次 注册手续 注册 有效期 内 变更 执业 单位 应当 及时 办理 变更 手续 再次 注册 除应 符合 规定 第十八条 规定 外 还须 接受 继续 教育 证明 二级 建造师 考试 执业资格 考试 担任 项目经理 前提条件 建筑 市场 二建 证书 说 加薪 重要 凭证 当然 影响 二级 建造师 薪资 因素 有无 建造师 证书 工作 年限 建造师 工作 经验 工作 地区 今天 小 编为 整理 二级 建造师 职业 资格证 考取 二级 建造师 合格证书 后 说明 资格 从事 相关 工程 项目经理 工作 取得 二级 建造师 证后 注册 才 额外 薪资 二级 建造师 月薪 还 个人 所在 地区 相关 一级 二级 建造师 收入 不同 不同 地域 收入 不 消费 高 一线 城市 相对来说 建造师 收入 相对 高 二 三线 城市 薪资 稍微 低 一点 当然 还 各地 建筑行业 相关 政策 建筑业 发达 城市 薪资 待遇 自然 好 个人 经验 建筑行业 至关重要 企业 招聘 大多 招有 经验 人 企业 不用 培养 企业 产生 价值 企业 工作 经验 建造师 能力 同等条件 资历 好些 薪资 胜 影响 二级 建造师 薪资 因素 二级 建造师 证书 注册 专业 建造师 市场 上 不同 专业 不同 程度 需求 专业 方向 影响 二级 建造师 薪资 因素 建筑业 不断 发展 建造师 需求 二级 建造师 证书 建筑业 入门 职业资格 工作 不断 提高 完善 变得 价值 薪资 不断 上涨,1
华擎 全新 DeskMini GTX RX 系列 迷你 机 显卡 更换 MXM 规格,华擎 似乎 特别 钟爱 迷你 PC 一年 大量 ITX STX 规格 主板 产品 搭配 迷你 机 第一个 STX 规格 主板 全新 DeskMini GTX RX 系列 迷你 机 特色 micro STX 规格 主板 CPU 自行 更换 显卡 更换 MXM 规格 拓展 性 大大 提升 适合 最求 极限 紧凑 体积 PC 玩家 华擎 DeskMini GTX RX 系列 主板 Z270 芯片组 拓展 性 特别 好 官方 最高 intel i7 7700K 选配 两个 最高 DDR4 3200 SO DIMM 内存 插槽 英特尔 Intel Optane 闪腾 技术 存储 加速 PCIe X4 M.2 SSD 插槽 Intel I219V 千兆 网卡 M.2 Wi Fi 无线 网卡 音频 处理 芯片 Realtek ALC283 显卡 VR Ready 产品 性能 当然 不能 弱 核显 不了 MXM Type B 接口 仅 120W 电力 DeskMini RX RX 480 RX 470 RX 460 可选 DeskMini GTX GTX 1060 GTX 1050 Ti GTX 1050 可选 GTX 1080 1070 这种 TDP 高 显卡 额外 供电 传闻 官方 回应 貌似 MXM 显卡 更换 设计 有点 鸡肋 MXM 规格 显卡 本来 不 属于 常规 销售 产品 找到 谱 经销商 实在 有点 难 micro STX 主板 宽度 mini STX 规格 保持 147mm 变长 下面 空余 位置 MXM 显卡 准备 两根 DDR4 内存 插槽 存储 数据 全靠 主板 背部 M.2 SSD 接口 主板 SATA 口 最右 M.2 网卡 接口 主板 元件 布置 紧凑 Z270 芯片 布置 背面 IO 面板 Type C 形态 Thunderbolt3 接口 USB 3.0 接口 音频接口 显示 输出 接口 HDMI 接口 X1 DisplayPort X1 Mini DP X1 220W 电源适配器 块头 不小 华擎 DeskMini GTX RX 系列 迷你 机将 第二季度 月份 正式 发售 售价 待定 但小编 猜想 配置 迷你 机 肯定 不 便宜,1
能力 风暴 创立 20 年来 引领 一代 一代 学渣 逆袭 一探 究竟,小编 传统 教育体制 长大 孩子 邻居 学霸 姐姐 部队 大院里 最 出息 孩子 令 资质 平凡 辈 一路 仰视 看着 姐姐 进入 名牌大学 考上 研究生 进入 事业单位 多年 后 大院里 孩子 再次 聚会 发现 姐姐 再也 发不出 当年 耀眼 光芒 当年 调皮捣蛋 却成 成功 企业家 学渣 逆袭 学霸 学渣 打工 经典 桥段 现实生活 屡屡 上演 从小 学习成绩 好 考上 名牌大学 学生 生活 工作 却 很 成功 成绩 不 那么出色 但敢 想 敢 做 学生 却 成为 杰出 科学家 工程师 企业家 为此 小编 走访 上海 未来 伙伴 机器人 有限公司 以下 简称 未来 伙伴 未来 伙伴 旗下 品牌 能力 风暴 全球 教育 机器人 开拓者 领导者 能力 风暴 创立 20 年来 曾 引领 一代 一代 学渣 逆袭 一探 究竟 未来 伙伴 CEO 费旭锋 先生 分析 说 中国 基础教育 客观 公平 一面 要求 所有 孩子 标准 模式 去 学习 最终 高分 好 学生 教育 成功 这种 教育 模式 的确 培养 孩子 分析 能力 却 严重 扼杀 孩子 未来 成功 创造力 实践 能力 语文课 英语课 数学课 分析 能力 训练 运用 语言 智能 数学 逻辑 智能 培养 分析 能力 强 创造 能力 实践 能力 低下 孩子 走上 社会 遇到 生活 工作 实际 孩子 往往 不敢 想 不敢 做 不知 解决问题 教育 机器人 正是 全面 训练 孩子 创造 能力 实践 能力 分析 能力 最佳 平台 能力 风暴 机器人 活动中心 小编 一个个 满脸 阳光 机器人 两眼 放光 孩子 谈到 学渣 逆袭 费旭锋乐 确实 盛产 学渣 逆袭 所谓 学渣 聪明 孩子 暂时 学校 考试 中得 高分 不 招 学校 老师 待见 费旭锋 说 兴趣 孩子 最好 老师 教育 机器人 极强 趣味性 分析 任务 创意 方案 编制程序 孩子 快乐 学习 不断 探索 打破 已有 不断 创造 创新能力 动手 能力 分析 能力 得到 极大 提升 教育 机器人 集成 数学 物理 化学 机械 学科 知识 技能 设计 出 优秀 作品 孩子 往往 积极 主动 涉猎 学习 相关 知识 自然 学习成绩 不同 程度 提升 角度 能力 风暴 确实 成就 不少 学渣 逆袭 当然 仅仅 学习成绩 逆袭 能力 风暴 孩子 不 care 真正 享受 创造 动手 过程 中学 新 知识 才 最 重要 后来 深入 小编 才 知道 原来 能力 风暴 盛产 学渣 逆袭 盛产 真正 学霸 学霸 学校 学习成绩 好 主见 创新能力 动手 能力 一流 诚然 孩子 逃避 现有 教育体制 逃避 小升初 初 升高 高分 择优 模式 做 现有 教育 环境 寻找 梦想 空间 保护 训练 人类 天性 却 现有 教育 环境 扼杀 创造力 实践 能力 帮助 孩子 提升 成功 能力 最终 获得成功 人生 梦想 空间 能力 风暴 机器人 活动中心 Abilix home 未来 社会 信息 社会 创造 能力 人才 说到底 学霸学 渣 成功 人生 必然联系 发挥 所长 勇于探索 大胆 创造才能 成功 未来,1
小 格雷 学生 手机 强大 绿网 浏览器 保证 孩子 安全 合理 手机,11 16 10 30 分 第三届 世界 互联网 大会 浙江 桐乡 乌镇 隆重开幕 本届 大会 主题 创新 驱动 造福人类 携手 共建 网络空间 命运 共同体 中国 国家 主席 习近平 视频 发表 讲话 中共 中央政治局常委 刘云山 出席 大会 致辞 马云 张朝阳 雷军 周鸿祎 中外 嘉宾 出席 大会 本届 大会 聚焦 论坛 博览会 全球 领先 成果 发布 三大 功能 绿网 天下 受邀 参加 互联网 之光 博览会 大会 亮点 集中 首发 展示 中国 互联网 发展 成就 全球 互联网 创新 技术 成果 互联网 之光 博览会 绿网 天下 闪耀 出 独特 光芒 担心 孩子 爱玩 电脑游戏 爸妈 格雷 盒子 看娃 神器 工作人员 介绍 绿网 展位 人流 如织 格雷 盒子 时间 管控 软件 管理 动态 定位 功能 控制 孩子 玩 手机 电脑 时间 孩子 玩电脑 家长 设置 时间 电脑 自动 锁屏 帮助 家长 轻松 远程 管控 孩子 设备 安装 学习 软件 之外 应用 家长 审核 才能 家长 还 浏览 孩子 软件 时长 记录 有效 减少 孩子 游戏 娱乐 软件 依赖 展会 上 绿网 天下 精益求精 工匠 精神 潜心 研发 小 格雷 学生 手机 同样 吸引 众多 目光 互联网 时代 一项 前沿技术 应用领域 之广 超乎 想象 一点 智能 硬件 上 不 例外 绿网 天下 展台 工作人员 展示 小 格雷 学生 手机 功能 管控 技术 融入 硬件 领域 成果 孩子 小 格雷 学生 手机 家长 异地 手机 家长 端 孩子 手机 上网 时间 软件 管控 强大 绿网 浏览器 保护 孩子 健康 上网 主动 过滤 不良 网址 信息 保证 孩子 安全 合理 手机 本届 互联网 之光 博览会 持续 19 预计 观众 达 万余人次 展会 上绿网 天下 工作人员 还 来宾 详细 介绍 绿网 智习 客云学 平台 体现 数据 技术 教育领域 创新 应用 智慧 课堂 互动 答题 绿网 智习 客云学 平台 自动化 作业 批改 数据分析 学校 信息化 教学 数据 所有 学生 知识点 掌握情况 答题 教师 一目了然,1
高校 开学 季 老师 发红包 含 免 迟到 券 免交 作业 券,逢 一年 高校 开学 季 高校 学子 循规蹈矩 学习 生活 福州大学 至诚 学院 老师 数控技术 课上 2015 级 机械设计 制造 自动化系 学生 每人 发了 红包 红包 部分 红包 包有 面值 元到 10 元 不 零钱 外 红包 均 学期 福利 券 迟到 一次 抵用券 作业 免交 一次 抵用券 考研 经验交流 券 陪 打球 体验 券 券下 还 特别 标注 本学期 内 有效 同学 老师 真会 玩 教师 陈飞 介绍 2015 开学 第一节 课上 发红包 第四个 年头 微信 抢红包 比较 流行 觉得 挺好玩 换 贴近 学生 生活 发红包 方式 现场 发含 学期 福利 券 红包 方式 同学 记者 这波 特殊 红包 一共 150 福利 包 迟到 一次 抵用券 占 30% 作业 免交 一次 抵用券 占 16% 陪 打球 体验 券 占 14% 考研 经验交流 券 占 10% 剩下 零钱 零钱 一共 加 起来 100 多元 该系 学生 李璐璐 收到 作业 免交 一次 抵用券 朋友圈 写道 老师 发 红包 从未有过 体验 拿到 券 作业 肯定 按时 交 不想 挂科 张券 抵扣 期末 作业 少 复习 起来 很 头疼 券 用到 该系 张 涌泉 2015 级 班 学生 便 决定 考研 当时 凑巧 抽到 考研 经验交流 券 十二月份 就要 考研 准备 比较 晚 学期开始 准备 刚好 去 老师 取 取经 说 既能 不 辜负 老师 期望 努力 变得 更好 抽到 迟到 一次 抵用券 学生 加强 很少 迟到 现象 时间 观念 比较 强 券对 用处 提出 学期 福利 券 建议 借用 电商 思路 全网 通用 叠加 数控技术 这门 课上 课上 不仅仅 局限于 数控技术 课 迟到 一次 抵用券 加强 陪 打球 体验 券 学习 余 打球 增进 老师 交流 学到 可不是 课堂 上 东西 抽到 学期 福利 券 学生 外 抽到 零钱 学生 该系 学生 郭政 抽到 面值 元 红包 记者 很 羡慕 抽到 学期 福利 券 同学 想到 迟到 一次 免交 一次 作业 特权 感觉 有点 亏 谈及 发 学期 福利 券 目的 陈飞 说 发 迟到 券 作业 券 鼓励 迟到 或者说 不 交 作业 教师 学生 出勤 作业 考核 说 偶尔 不 小心 迟到 消除 迟到 扣分 补充 说 每个 人 权利 一次 后面 再 出现 迟到 作业 不 交 照样 扣分 期末 两个 券 没用 说明 表现 好 凭券 学生 加 平时 分 奖励 学期 福利 券 不敢 说 学生 学习 积极 作用 提高 学生上课 积极性 拉近 教师 学生 距离 起码 觉得 上课 枯燥 陈飞 说 个人感觉 券对 学生 挺 实用 接下来 开发 券,1
老板 灶具 老板 燃气灶 9B20 加入 纳米 陶瓷 涂层 热效率 高达 67%,燃气灶 家家户户 必备 厨房用具 人们 烹饪 出 美味 佳肴 打火 美食 出锅 一台 好 燃气灶 特别 重要 市场 上 燃气灶 品牌 繁多 比较 知名度 老板 西门子 华帝 专注 38 高端 厨电 领域 老板 电器 良好 大众 口碑 今天 小编 实际 体验 角度 出发 看看 老板 燃气灶 到底 燃气灶 最 直观 面板 材质 钢化玻璃 设计 通透 颜值 高 不锈钢 材质 拉丝 呈现 质地 金属 感 两种 面板 体现 美学 风格 大不一样 老板 叠火环 喷 系列 燃气灶 9B20 纯 黑 钢化玻璃 面板 设计 配以 银色 简洁 旋钮 整个 燃气灶 颜值 拔高 不少 老板 燃气灶 细节 地方 越能 体现 出 产品 质量 容易 忽略 炉头 材质 铜制 炉头 传热性 耐热性 比较 出色 铸铁 炉头 铝制 合金 炉头 好 老板 燃气灶 9B20 全铜炉 盖 基础 上 还 加入 纳米 陶瓷 涂层 高温 爆炒 耐热性 更高 陶瓷 光滑 特质 清洗 起来 方便 看 火焰 燃烧 热效率 毕竟 好 火候 才能 做出 美味 食材 老板 燃气灶 9B20 高效 叠火 技术 增加 组 坐标 式 出火孔 瞬间 产生 4200W 火力 热效率 高达 67% 特别 适合 宫保鸡 丁 此类 爆 炒菜 式 老板 燃气灶 均匀 环喷 功能 不容忽视 内外 环 火力 188 交错 出火孔 使 火力 均匀 煲汤 炖煮 加热 均匀 避免 火力 过于 集中 锅底 而糊锅 最后 回到 人身安全 烹饪 过程 火焰 风 水 熄灭 燃气 仍旧 释放 极易 引发 安全事故 有没有 熄火 保护 功能 很 重要 老板 燃气灶 9B20 内置 离子 熄火 保护 功能 火焰 意外 熄灭 自动 关闭 气源 避免 燃气 泄漏 好 燃气灶 带给 不仅仅 舒心 感受 烹饪 美味 绝佳 小 助手 老板 燃气灶 外观设计 产品 细节 安全 性能 市场 上 大部分 燃气灶具 做 出色 无疑 考虑 燃气灶 首选,1
百度 医疗 北京 召开 百度 医疗 大脑 发布会,10 11 百度 医疗 北京 召开 百度 医疗 大脑 发布会 百度 大脑 发布 百度 人工智能 技术 垂直 领域 内 一次 重要 落子 人工智能 医疗 行业 无疑 双重 利好 人工智能 医疗 是否 改变 百姓 就医 习惯 人工智能 概念 诞生 至少 经历 两个 关键 时间 节点 上 世纪 70 年代 西部 世界 星球大战 一系列 经典 科幻影片 机器人 概念 带到 普通 大众 身边 节点 业内 视为 元年 2016 阿尔法 狗 战胜 人类 随处可见 AI 标签 人们 人工智能 关注 前所未有 高度 人工智能 技术 发展 不断 站上 新 台阶 百度 世界 大会 李彦宏 外界 揭开 百度 大脑 神秘 面纱 人工智能 百度 体系 地位 上升 全新 高度 百度 大脑 核 战略部署 快速 落地 百度 看重 医疗 领域 正是 首批 试水者 百度 总裁 张亚勤 致辞 百度 人工智能 技术 内化 应用 更要 服务 生活 事实上 人工智能 概念 由来已久 用户 生 实际 应用 融合 上 始终 有所 偏离 百度 大脑 出现 人工智能 具备 行业 深度 切入 围绕 生活 应用 场景 人工智能 技术 进一步 用户 服务 无缝 衔接 正是 百度 医疗 大脑 意义 所在 中国 医疗 产业 长期存在 资源分配 不均 优质 医疗 资源 分布 北上 广深 二线 城市 大量 三四 线 城市 病人 跋山涉水 蜂拥 省城 北京 就医 使 知名 医院 接待 能力 上 不堪重负 出现 挂号 难 改善 医患 之间 资源分配 困局 百度 医疗 运用 技术 平台 优势 患者 就医 高效 解决方案 手段 提升 医疗 核心 资源 运营 效率 此基础 上 人工智能 应用 技术 层面 上 进一步 推动 医疗 资源 优化 配置 进程 改善 医疗 服务 生态 多元化 选择 百度 医疗 大脑 帮助 患者 就医 科学 可靠 自诊 具备 辅助 基层 全科 医生 社区 医生 村医 日常 诊疗 能力 迈入 实用化 商业化 阶段 后 机器 助手 极大 提升 医生 工作 能力 效率 百度 开放 云天 算 天像 天工 三大 智能 平台 助力 百度 医疗 打造 顶级 医院 药品 流通 商 基层 医疗机构 患者 多方 共赢 格局 上 更具 优势 最初 医疗 相关 搜索 联手 知名 医院 挂号 预约 服务 再 病情 医疗 资源 咨询 接入 服务 百度 医疗 成立 不断 互联网 医疗 领域 内 创新 布局 对此 百度 医疗 事业部 总经理 李政用 三个 阶段 高度 概括 百度 医疗 发展 战略 第一个 阶段 打通 医患 不 信息 通道 连接 人 信息 第二个 阶段 打通 优化 领域 资源 服务 连接 人 服务 第三个 阶段 基于 万物 互联 条件 人工智能 连接 人 智能 借助于 云 数据 人工智能 技术 领域 扎实 储备 百度 医疗 不断 发力 试图 率先 人工智能 时代 提前 布局 百度 医疗 大脑 面世 百度 医疗 发展 战略 全面 推向 新 台阶 开启 智能 医疗 全新 服务 模式 人工智能 助力 百度 医疗 患者 医生 平台 创造 新 价值 推动 智能 医疗 平台 移动 化 聚合 化 个性化 服务化 演进 创新 科技 有效 帮助 医疗 行业 升级 亿万 患者 受益 这是 互联网 医疗 平台 发展 方向 依托 百度 医疗 大脑 平台 构建 互联网 医疗 生态 突破 智能 医疗 跨界 创新 百度 医疗 抢先 占据 先机 人工智能 技术 助力 未来 中国 医疗 产业 转型 升级 充满 想象 空间 这场 变革 百度 医疗 大脑 平台 价值 必将 大放异彩,1
索尼 DSC W320 倍 光学 变焦 光学 防抖 功能,索尼 DSC W320 1410w 像素 倍 光学 变焦 26mm 广角镜头 CCD 面积 2.3 英寸 倍 光学 变焦 想 拍 远处 花朵 细节 还 22 倍 智慧 式 变焦 捕捉 具备 26mm 广角 拍摄 能力 还 实用 智能 场景 识别 功能 自动检测 七种 不同 类型 场景 家庭用户 拍摄 已 完全 商家 仅卖 1350 元 喜欢 不妨 考虑一下 外观 讲 索尼 DSC W320 小巧 精美 外观设计 惹人 喜爱 机身 尺寸 95.3 55.0 18.7 共 黑 银 粉 三种 机身 颜色 机身 背面 还 配备 2.7 英寸 约 23 万 像素 LCD 液晶屏 宽广 屏幕 可视 角度 加上 防 反射 AR 涂层 丰富 黑色 晴朗 户外 阳光 耀眼 条件 优秀 视觉效果 配置 讲 索尼 W320 1410 万 有效 像素 2.3 英寸 Super HAD CCD 传感器 类型 倍 光学 变焦 焦距 相当于 35mm 配有 卡尔 蔡司 Vario Tessar 镜头 对焦 区域 多重 AF 点 未 检测 人脸 中心 AF 定点 AF 对焦 辅助 灯 电子 对焦 方式 内置 闪光 类型 测光 方式 多重 偏重 中央 定点 索尼 W320 2.3 英寸 1410 万 像素 CCD 传感器 2.7 英寸 23 万 像素 LCD 显示屏 相机 感光度 范围 ISO 80 3200 光学 防抖 人脸 检测 笑脸 快门 实用功能 商家 最新 促销价 1350 元 喜欢 商家 咨询 一下 届时 提及 太平洋 电脑网 西安站 享受 优惠,1
索尼 Z1050N 体验 整体 音乐 味道 上 不俗 表现力,如今 随身 娱乐 定义 不仅仅 出门 音乐 听 简单 事情 消费者 日渐 多样化 娱乐 需求 促使 诸多 厂商 移动 娱乐 终端 类 产品 造成 诸多 功能 复杂 看似 全方位 娱乐 产品 出现 消费者 面前 产品 同质化 变得 日渐 严重 数字音频 市场 领导者 SONY 不予 余力 开发 热情 投入 音乐 娱乐 类产品 研发 当中 印象 早期 卡带机 索尼 Walkman 每一款 旗舰 产品 功能 声音 外形 上 给予 从不间断 惊喜 很 显然 坚持 自我 主义精神 市场 显得 多么 弥足珍贵 很少 厂商 还 竟争 恶劣 市场 保持 灵魂 纯粹 堕落 无奈 或许 成为 产品 主流 欣慰 索尼 仍旧 独树一帜 作 传承 多年 系列 精神 融入 每一款 Walkman 之中 使 永不 丧失 Walkman 家族 一员 骄傲 不得不 承认 智能手机 普及 传统 娱乐 产品 巨大 冲击 期间 不 知道 厂商 转行 投入 手机 市场 猛烈 洪流 之中 逐渐 丧失 自我 直至 消亡 市场 之中 Z1050N 通电 很 容易 误认为 索尼 旗下 手机 产品 右下角 变异 W LOGO 款 产品 灵魂 没错 地道 Walkman Z1050 翻转 过来 相信 人会 再 当成 手机 看待 内置 立体声 扬声器 侧面 体现 影音 娱乐 定位 简洁 高 质感 Z1050 应该 引得 众多 索饭 倾心 标配 4.3 英寸 硬质 屏幕 从容 应对 多样化 娱乐 体验 Z1050N 标配 耳机 SONY MDR NC033 SONY 大动圈 系列 耳机 入门 产品 NC033 很 好 传承 EX 系列产品 精髓 低频 质感 整体 音乐 味道 上 不俗 表现力 直白 说 抹 去 Walkman 标志 Z1050 静态 赏析 无疑 经典 SONY 手机 仔细观察 款 产品 细微 处 感觉 血液 流淌 音乐 味道 Walkman 最早 卡带机 演化 这番 模样 加入 智能化 功能 成为 顺理成章 事情 印象 索尼 好像 从来不 第一 时间 最新 通用型 OS 产品 之中 不可否认 索尼 产品 一定 最为 优化 体验 最为 丰富 Z1050N 产品 如上图 所见 Z1050 安卓 系统 基础 众所周知 安卓 先天 音质 解决方案 上 严重 不足 音质 基础 Walkman 新旗舰 或许 给出 很 好 答案 索尼 独家 研发 高音质 技术 移动 设备 专用 方向 升级 后 音乐 视频 游戏 音效 身临其境 听觉 享受 NWZ Z1050N 如同 一台 移动 家庭影院 S master MX 数码 功放 技术 音频 信号 全 数字 处理 过程 优化 进一步 降低 失真 噪音 呈现 清晰 悦耳 接近 原声 音质 更好 索尼 众多 独特 强大 音质 提升 技术 融合 Z1050 Walkman 新旗舰 索尼 为此 单独 Z1050 定制 一套 影音 播放 应用程序 这套 独立 定制 程序 组 正式 Z1050 区别 娱乐 终端 核心 所在 Walkman 必定 经典 音效 技术 熟悉 当然 功能 索尼 定制 音乐 播放器 中才 其后 实际 测试 之中 会为 众位 观者 详尽 阐述 音效 技术 音质 提升 降噪 技术 发展 多年 未曾 解决 声音 细节 影响 当代 日常 穿梭 城市 间 都市男女 再 优秀 音质 嘈杂 画境 体现 出来 独特 环境 功能 极其 实用 功能 Z1050 索尼 详细 设定 多种 听音 环境 最为 适宜 降噪 力度 使用者 音质 如果说 单看 经典 赏析 Z1050 手机 产品 略有 相似 深入研究 其内 功能 深切 感受 Z1050 延续 音质 核心 Walkman 传统 血液 之作 款 旗舰级 产品 来讲 不 打算 耳机 蒙混过关 充分 体验 Z1050N 耳机 设备 表现 本次 主观 听感 选用 高档 低档 两款 耳机 HARMAN 集团 旗下 著名 耳机 制造商 AKG 2011 美国 洛杉矶 荷兰 阿姆斯特丹 分别 发布 K3003 K550 两款 重量级 产品 人们 K3003 关注 程度 几乎 接近 疯狂 款 世界 上 首款 圈铁 结合 产品 上市 收到 众多 发烧友 热 捧 实际 测试 过程 表现 出 极 高 音质 水平 当之无愧 非 定制 之王 相信 产品 Z1050 最 本源 音质 充分 表现 出来 Z1050N 评测 配机 相信 这是 购买 Z1050N 用户 最 常用 耳机 产品 毕竟 多数 非 发烧友 用户 原装 耳机 报废 升级 更换 更好 耳机 产品 负责 最 广大 用户 心态 第一次 原装 耳机 音质 评测 印象 SONY 产品 一向 流行音乐 上佳 表现 能力 索尼 深入 市场 多年 老牌 企业 用户 喜好 敏感 透彻 认知 聆听 流行音乐 大多数 人 日常生活 最为 常见 消遣 流行音乐 能否 上佳 表现 变得 尤为重要 日常 评测 生活 最为 熟悉 音乐 老鹰 乐队 无上 经典 加州 旅馆 自然 成为 评测 首选 说起 这首 94 演唱会 现场 录音 不可 复制 经典性 老鹰 乐队 最佳 演唱 状态 最佳 录音 设备 喜爱 呈现 出来 录音 经典 再 音响 测试 领域 占有者 至高无上 地位 测试 出 相对 基础 本质 聆听 感受 Z1050 音效 设置 全部 关闭 减少 不必要 音染 Z1050 驱动 K3003 明显 感觉 SONY 系列产品 特有 音染 感觉 处理 吉他 拨弦 声音 明亮 舒展 伴随 独特 日式 染色 仿佛 有种 撩拨 进人 内心 感觉 略微 发甜 丝毫 不 油腻 人声 主唱 声音 浑厚 苍松 充满 时光 印刻 出 沧桑感 好像 Z1050 变 赘 余 染色 基本上 做到 原汁原味 呈现 人声 声场 Z1050N 表现 出来 素质 相当 理想 驱动 K3003 顶级 设备 做到 相对 从容 声场 展现 正确 宽广 乐器 之间 充分 分离 开来 呈现出 优秀 前端 应有 高素质 日常 入门级 耳机 关闭 全部 音效 设置 展现 声音 略有 干涩 有种 缺少 水分 感觉 音乐 味道 上 略有 不足 音效 设计 全部 开启 感受 索尼 定制 音效 听 感上 巨大 改变 原本 略有 干涩 声音 变得 水润 舒展 细节 略有 小小的 缺失 听感 上 提升 明显 产生 极大 帮助 提高 单从 展现 流行音乐 这点 上 Z1050 基本上 算是 合格 优秀 产品 应对 K3003 设备 较易 驱动 出其 应用 味道 难得 做到 无 恶声 三个 字 原配 耳机 时当 开启 系统 自带 音效 听者 相对 聆听 感受 古典音乐 当代人 日常生活 远 错过 历史长河 经典 许久 美妙 音符 偶尔 闲暇 找个 温暖 午后 一曲 纯粹 古典音乐 难得 闲余 时光 充满 红茶 般的 惬意 肖邦 钢琴 协奏曲 肖邦 钢琴 协奏曲 E 小调 OP.11 作于 1830 1830 10 10 首演 肖邦 友人 信 中曾 这首 作品 以下 说明 新 协奏曲 慢板 乐章 E 大调 不 特别 要求 部分 强劲 力度 浪漫 平静 略 含 忧郁 心情 作 这首 作品 必须 非 借此 人 产生 像是 眼望 引起 无数 快乐 回忆 印象 不可 像是 美丽 春天 明月 良宵 印象 K3003 内置 音效 关闭 以求 还原 音乐 最 本质 精髓 表现 小 编制 钢琴 协奏曲 感受 倏然 自得 从容 敬畏 Z1050 诠释 K3003 少有 表现 流行音乐 之时 奔放 像是 严肃 指挥官 调动 录音 音符 放置 适当 位置 之上 谨慎 缺 不失 大胆 分离 度 展现 恰当 好处 有种 静室 聆听 音乐 感觉 聆听 类 音乐 及时 原配 耳机 并非 不 建议 全部 音效 一并 开启 仅仅 开启 动态 音量 均衡器 选项 为的是 控制 住 录音 出现 动态 音效 不至于 声音 失控 增加 聆听 感受 SONY MDR NC033 K3003 那种 细腻 入骨 感觉 开启 动态 音量 均衡器 很 好 录音 细节 还原 出来 带 出 演奏者 最 本质 情感 严肃 不失 感情 或许 这是 用来 形容 Z1050 古典 乐 表现 最 理想 形容 说实话 起初 便携 随身听 古典音乐 良好 表现 出来 抱 多么 期望 Z1050 给予 惊喜 耐听 入味 音质 上 亮点 爵士乐 人类 音乐史 上 相对 另类 曲种 短短的 百年 时间 内 形成 独特 艺术风格 表演 方式 当今 流行乐 基础 爵士乐 上 文中 Z1050 流行 古典 上佳 表现 产生 器材 杀手 之称 爵士乐 考验 考验 Z1050 念头 爵士 百分百 爵士 百分百 第二章 CD 立体声 时代 摇摆 经典 这种 动态 凌厉 瞬态 突然 音乐 考验 Z1050 音乐 控制能力 摇摆 乐 黄金 年代 三 四 ○ 年代 受欢迎 流行音乐 这种 爵士乐 风在 二 ○ 年代 出现 黑人 社群 专业 乐手 之间 流传 直到 1935 才 袭卷 全美 成为 全世界 流行音乐 摇摆 乐 乐团 最 特别之处 节奏 特别 突出 贝斯 鼓 打击乐器 摇摆 音乐 承袭 非洲 三 拍子 节奏 却 融入 欧洲 两 拍子 乐曲 复杂 节奏 特性 摇摆 乐团 通常 编制 人数 直到 六 ○ 年代 后期 有人 尝试 小 编制 摇摆 乐团 通常 摇摆 乐团 演奏 一位 独奏家 领奏 负责 即兴 乐团 再 成员 伴奏 同样 所有 效果 全部 关闭 测试 不 做 赘述 音乐 开场 感受 Z1050 驱动 K3003 惊人 控制力 发问 Z1050 强大 控制力 多数 原因 K3003 非 Z1050 诚然 疑问 错误 耳机 肯定 知道 K3003 高价 耳机 适宜 前端 驱动 恐怕 瞬态 控制 枉然 索尼 产品 经典 染色 听感 提升 起到 重要 作用 K3003 顶级 设备 配合 索尼 优秀 音效 设置 传达 出 丰富 浓厚 味道 听感 器材 杀手 折磨 NC033 略显 疲软 前段 驱动力 不俗 NC033 声音 失去 控制 仍 稳妥 操控 音符 相信 Z1050 驱动 K3003 设备 动态 瞬态 表现 上 出现 失控 不要 说本 入门级 设备 NC033 本次 爵士乐 测试 环节 感受 Z1050 产生 优秀 音乐 控制力 控制力 证明 回放 设备 控 全面性 评测 此处 想 Z1050N 音乐 播放器 评测 算是 告一段落 相信 新 时代 Walkman 音质 众 位 读者 一定 感性 认知 多媒体 娱乐 终端 功能 上 应用 值得 关注 地方 毕竟 定价 2000 元级 产品 仅 优秀 音质 表现 未免 太过 单一 Z1050 多媒体 格式 到位 市面上 多数 视频格式 流畅 解码 MPEG AVG H.264 MPEG WMV AVC 最高 1920X1080 分辨率 播放 实际 测试 过程 Z1050 表现 出 出色 流畅 度 解码 能力 出色 Walkman 家族 最为 MP4 产品 视频 播放 Z1050 产品 应用 重点 索尼 仍然 卓越 音效 技术 应用 视频 播放 去 使用者 依据 喜好 环境 变化 自由 调节 定制 Z1050 内 音效 设置 开启 Z1050 内置 音效 观看 视频 体验 得到 大幅度 提升 声场 定位 环境 空间感 细节 不小 改善 简单 形容 过瘾 Walkman 产品 Z1050 身上 移动 影音 终端 可能性 不输于 市面上 MP4 平板 类产品 强大 视频 解码 性能 处理 1920X1080 分辨率 视频 做到 游刃有余 外加 4.3 英寸 宽大 屏幕 外出 闲暇 时光 惬意 度过 刚刚 接到 款 产品 下意识 款 产品 理应 放置 平板 频道 去 测试 Z1050 一段时间 清醒 认识 当今 Walkman 外观 应用 上 多么 变化 最 本质 Walkman 灵魂 发生 改变 音质 为本 坚持 音乐 表现 第一 要素 Walkman 精神 存在 小小的 W LOGO 之中 评测 篇幅 Walkman 音质 尽可能 做出 详尽 阐述 读者 懂得 今天 测试 产品 平板 电脑 不能 通话 手机 真真正正 流淌 Walkman 血液 产品 OS 高度 统一 今天 很少 提及 产品 个性 名词 消费者 仍然 选择 产品 考虑 不仅仅 外观 做工 区别 多款 富有 个性 主张 产品 诞生 市场 之中 清一色 贴着 不同 品牌 LOGO 安卓 产品 很 显然 Z1050 独特 个性 产品,1
2020 广西 二级 建造师 报名 注意事项,考试 报名 实行 报考 人员 诚信 承诺制 报考 人员 提交 报考 信息 材料 真实性 有效性 准确性 负责 人事 考试 机构 政府 共享 数据 平台 公安 户口 信息 教育部门 学历 信息 市场 监督管理 部门 公司 企业 注册 信息 人社 部门 社保 缴费 信息 方式 数据 信息 核验 加强 考前考后 监督 检查 力度 发现 网上 填报 工作 单位 社保 缴费 记录 不 一致 学历 信息 教育部门 学历 信息 不 一致 虚假 信息 一经 查实 人事 考试 机构 相关 处理 记入 诚信 档案库 广西 二级 建造师 执业资格 考试 实行 网上 资格 条件 审核 不再 审核 点 现场 审核 确认 手续 2020 广西 二级 建造师 友情 提示 网上 报名 必须 先 注册 注册 上传 照片 白底 照片 保证 报名 顺畅 推荐 IE7 以上 版本 浏览器 注册 请 先 下载 照片 处理 工具 照片 审核 未经 审核 审核 未 正常 完成 照片 上传 后续 相关 操作 现阶段 国家 大力发展 基础设施 建设 必然 造成 建筑业 市场 上 市政 专业 建造师 大量 需求 政府 投资 市政建设 项目 增多 企业资质 相符合 标准 才能 参与 投标 势必会 缺少 承接 项目 人员 市政工程 类 建造师 导致 市政 方向 建造师 证书 异常 抢手 考 二级 建造师 市政 专业 小伙伴 知道 市政 考试 涉及 范围广 知识面 涵盖 包含 隧道 桥涵 城市道路 10 余项 内容 市政 专业 考生 本身 要求 专业 高出 不少 市政 专业 每年 通过率 低 证书 市场 上 流通 少 市场 上 市政 专业 建造师 证书 供不应求 自然 含金量 上去 知道 一建 二建 证书 市场 建筑 专业 含金量 最低 数量 最 难度 最低 专业 大多数 考生 选择 建筑 专业 公路 水利 专业 含金量 虽高 难度 太 考取 难度 相对 低 含金量 适中 市政 专业 成 完美 折中 之选,1
索尼 KDL 65W850C Android5.0 操作系统 流畅 操作 体验,索尼 KDL 65W850C 液晶电视 65 英寸 尺寸 1080p 全高清 显示屏 迅锐 图像处理 引擎 倍速 驱动 技术 画面 播放 清晰 流畅 还 出色 音效 导管 扬声器 更是 醇音 技术 前置 虚拟 环绕声 系统 优质 听觉 体验 液晶电视 商家 万博 电器 处 售价 11999 元 北京市 内 免费 送货上门 调试 购买 还 免费 赠送 原装 3.0 HDMI 线 一根 兴趣 不妨 联系 商家 索尼 KDL 65W850C 液晶电视 部分 手机 还 未 吃 上 Android5.0 Android5.0 操作系统 系统 稳定 兼容性 更强 流畅 操作 体验 电视 还 DLNA 镜像 功能 安卓 系统 手机 平板 移动 设备 上面 内容 镜像 电视 上 影音 分享 游戏 娱乐 更爽,1
二级 建造师 考试 考点 知识 盘点,二级 建造师 考试 考点 知识 盘点 仅供参考 住宅 建筑 层数 低层 〜 层 多层 〜 层 中高层 〜 层 高度 ≤ 27m 高层 ≥ 10 层 高度 27m 公共建筑 高度 住宅 建筑 之外 民用建筑 单层 高度 不 限 单层 多层 高度 ≤ 24m 多层 高层 高度 24m 多层 超高层 高度 100m 民用建筑 度 计算 非 实行 建筑 高度 控制 区内 建筑 高度 平屋顶 应 建筑物 室外 地面 屋面 面层 女儿墙 顶点 高度 计算 坡 屋顶 应 建筑物 室外 地面 屋檐 屋脊 平均 高度 计算 不 计入 建筑 高度 局部 突出 屋面 楼梯间 电梯 机房 水箱 间 辅助 用房 占 屋顶 面积 ≤ 突出 屋面 通风道 烟囱 通信 设施 空调 冷却塔 时间 变异 分类 永久 作用 永久 荷载 或恒载 荷载 值 不变 固定 隔墙 自重 水位 不变 水 压力 预应力 地基 变形 混凝土 收缩 钢材 焊接 变形 引起 结构 外加 变形 约束 变形 施工 因素 可变 作用 可变 荷载 活荷载 荷载 值 时间 变化 变化 平均值 不 忽略 不计 荷载 楼面 活荷载 屋面 活荷载 积灰 荷载 活动 隔墙 自重 安装 荷载 车辆 荷 载 吊车 荷载 风 荷载 雪 荷载 水位 变化 水 压力 温度 变化 偶然 作用 偶然 荷载 特殊 荷载 不 一定 出现 出现 量值 很大 持续时间 很 短 荷载 撞击 爆炸 地震 作用 龙卷风 火灾,1
考了 一级 建造师 后 二级 建造师 证书 还,知道 建造师 分为 一级 二级 二级 建造师 等级 稍低 只能 承接 中小型 项目 一级 建造师 承接 大中型 项目 建筑 新人 往往 选择 先考 二级 建造师 几年 资历 够 再 报考 一级 建造师 考完 一级 建造师 拿到 证书 二级 建造师 证书 失效 分为 好几种 考了 一级 建造师 二级 建造师 证书 失效 考试 专业 之分 证书 是否 失效 看 考试 专业 两次 考 专业 相同 专业 不 不同 一级 建造 证书 二级 建造 证书 专业 相同 两本 证书 不 有效 注册 一级 建造师 必须 取消 二级 建造师 证书 部门 核查 发现 证书 重复 一级 建造师 注册 失败 同一 专业 一级 建造师 二级 建造师 额 功能 差不多 二级 承接 范围 更广 不必 担心 持有 二级 建造师 证书 做 项目 做 只不过 换 一本 证书 一级 建造师 所考 专业 二级 不同 二级 建造师 证书 下来 建筑 市场 规范 以前 注册 公司 两本 证书 必须 注册 一家 公司 注册 公司 必须 具备 两种 资质 才能 注册 两个 专业 证书 一家 公司 资质 一本 证书 处于 闲置 状态 办法 注册 效力 等同于 失效 说 建造师 考试 同一 专业 考试 考了 一级 建造师 上 发展 影响 并不大 提升 能力 薪资 水平 考虑 考 一级 证书 不同 专业 影响 挺大 工作 需求 发展 方向 选择 考 一级 建造师 二级 建造师 增项 选择 合适 方式,1
建筑 市场 二级 建造师 脱颖而出,行业 紧缺 人才 二级 建造师 发展前景 证书 含金量 业内人士 津津乐道 新规 落地 后 二级 建造师 热度 不减 国家 政策 推动 二级 建造师 未来 发展 必会 大放异彩 今天 91 资质 管家 带 展望 一下 未来 二建 发展趋势 我国 建筑业 从业 人数 约 占 全世界 建筑业 从业 人数 25% 对外 工程 承包 额仅 占 国际 承包 市场 1.3% 缺乏 国际 认同 高素质 工程项目 管理人员 重要 原因 建立 注册 建造师 制度 争取 得到 国家 认可 成为 我国 开拓 国际 承包 市场 增强 对外 工程 承包 能力 重要 条件 国家 建设 进一步 繁荣 建造师 将会 成为 人 耀眼 职业 建筑 法 第十四条 规定 从事 建筑 活动 专业 技术人员 应当 依法 取得 相应 执业资格 证书 执业 证书 许可 范围 内 从事 建筑 活动 建造师 企业资质 评定 年度 审核 招投 竞标 合同 签订 施工 组织 工程验收 竣工 审批 关键作用 2008 27 所有 项目经理 证书 作废 建造师 全面 取代 取消 三级 项目经理 证书 建筑施工 企业 一定 数量 建造师 意味着 新 工程 合同 难 接到 所有 在建 工程 面临 停工 危险 企业 办法 资质 评定 安排 人员 参加 建造师 考试 显得 迫在眉睫 重要 二级 建造师 建筑 类 执业资格 担任 项目经理 前提条件 取得 二级 建造师 执业资格 必须 参加 全国 每年 一次 二级 建造师 职业 资格考试 二级 建造师 执业资格 实行 全国 统一 大纲 各省 自治区 直辖市 命题 组织 考试制度 考试内容 分为 综合 知识 能力 专业知识 能力 两 部分 考试 设 科目 参加 全部 科目 考试 人员 必须 连续 两个 考试 年度 内 全部 科目 取得 建造师 执业资格 证书 符合 注册 条件 人员 必须 注册 登记 后 方 建造师 名义 执业 我国 建筑业 技术 进步 结新 硕果 工法 管理工作 不断 推进 施工 企业 重视 认识 程度 逐年 提高 申报 数量 入选 国家级 工法 数量 逐年 增多 近几年来 工法 推广 应用 极大 提升 我国 施工 技术 管理水平 工程质量 企业 明显 经济 社会效益 我国 建设 工程项目 量 面广 工程项目 规模 差异 悬殊 各地 经济 文化 社会 发展 水平 较大 差异 不同 工程项目 管理人员 要求 不尽相同 专业 高素质 人才 我国 建筑行业 迫切需要 建造师 考试 取得 证书 梦想 迈进 高薪 好 前景 建造师 职业 必经之路 日益 激烈 市场竞争 促使 个人 提升 知识 技能 不断 加大 教育 投资 建工 法 管理工作 不断 推进 施工 企业 重视 认识 程度 逐年 提高 建工 法 推广 应用 极大 提升 我国 施工 技术 管理水平 工程质量 企业 明显 经济 社会效益 二级 建造师 市场 上 比较 紧缺,1
二级 建造师 证书 值得 考,二级 建造师 好处 值得 去 考 小编 总结 以下几点 经济 回报率 最 肯定 不少 小伙伴 奔 方向 去 全职 亦 兼职 证书 价值 同样 重要 二建 证书 市场 价格 稳定 需求 经济 上 回报 之外 最 重要 还 自信 做 事情 自信 气 场上 能量 好 能量 战 重要 考试 过程 温习 好 回事 考好 另一回事 便是 平常 所说 考试 怯场 需 充满 自信 才能 考场 正常 发挥 超常发挥 自信 人 在生活中 精神 层面 不 便是 所说 气质 俗话说 腹有 诗书 气自华 办法 装 出来 省份 下达 文 明确规定 二级 建造师 评审 助理级 职称 证书 一级 建造师 评审 工程师 职称 身边 不少 人 父母 宝妈 宝爸 现已 备考 二级 建造师 说 平常 教导 孩子 作业 总是 简单 着急 上火 学习 才 学习 不能 着急 过程 渐渐 地站 孩子 视点 去 思考 去 教导 孩子 建立 典范 孩子 做作业 学习 刷 手机 往往 孩子 精力 会集 学着 二建 陪 孩子 做 作业 正 能量 典范 力量,1
二级 建造师 注册 不 怎么回事,伟大 反义词 失败 不去 拼 距离 二级 建造师 考试 132 天 考 二级 建造师 小伙伴 抓紧时间 报考 预计 2020 二级 建造师 报考 时间 月份 个别 省份 月份 左右 二级 建造师 考试成绩 考试 结束 后 陆续 公布 届时 请 关注 各省 人事 考试 中心 网站 成绩 查询 栏目 即可 二级 建造师 考试合格 分数线 省份 来定 60% 近来 几个 省份 合格 分数线 上调 60% 预计 未来 考试 分数线 将会 全国 统一 建议 想 报名 小伙伴 抓紧时间 准备 报考 越 早 学习 越 早 收益 二级 建造师 增项 指考 全部 三科 增项 专业 增项 不 再考 公共 科目 需 报考 所要 增项 专业科目 便 增项 报名 第一次 报名 程序 基本 提交 身份证 学历 之外 省市 不要 学历 还要 提交 二建 证书 原件 复印件 国家 报名表 公司 盖章 基本 手续 审核 网上 付费 继续 教育 分为 必修课 选修课 注册 有效期 内 各为 60 学时 继续 教育 合格 标准 颁发 继续 教育 合格证书 继续 教育 具体 要求 国务院 建设 主管部门 会同 国务院 部门 另行规定 二级 建造师 管理条例 规定 注册 证书 执业 印章 有效期 到期 后应 申请 延续 注册 继续 教育 年内 参加 一次 考试合格 即可 建设 行政 主管部门 每年 举办 一次 留意 当地 建设 行政 主管部门 住 建厅 官 网上 通知 注册 有效 期满 需 继续 执业 应当 注册 有效期 届满 30 日前 第七条 第八条 规定 申请 延续 注册 延续 注册 有效期 申请 延续 注册 应当 提交 下列 材料 注册 建造师 延续 注册 申请表 二 原 注册 证书 三 申请人 聘用 单位 签订 聘用 劳动合同 复印件 有效 证明文件 四 申请人 注册 有效期 内 继续 教育 要求 证明 材料 假 身份证 身份证 有效期 假 毕业证 学历 中专 以下 二级 建造师 工作 年限 不 符合规定 无 社保 社保 清单 不 合格 临时工 挂靠 均 不予 注册 一人 两个 以上 单位 注册 二级 建造师 所学 专业 不 符合规定 专业 非工程 类 经济 类 一人 同一个 单位 已有 注册证 造价师 监理 师 建筑师 结构 师 不予 注册 网上 无 电子 申报 信息 不 符合 免试 两门 条件 弄虚作假 骗取 考试 资格 10 职业 资格证 姓名 身份证 不符 11 二级 建造师 准备 注册 材料 不 齐全 12 二级 建造师 企业 签订 劳动合同 有效期 13 二级 建造师 用于 注册 证明 材料 字迹 模糊 或章 印 看不清 14 二级 建造师 职业 资格证书 身份证 上 信息 不符 姓名 不同 15 不予 注册,1
二级 建造师 挂靠 行情 市场前景,二级 建造师 建筑行业 比较 吃香 证书 考试 难度 低于 一建 还 增加 一份 收益 人 加入 二级 建造师 考试 大军 相信 关心 2019 行情 挂靠 行情 地区 不同 产生 变化 二级 建筑工程 0.9 2.7 万 二级 市政 公用 工程 1.9 万 二级 机电工程 1.9 2.5 万 二级 水利水电 工程 1.2 1.5 万 二级 公路工程 3.5 万 二级 矿业 工程 0.9 1.2 万 以上 价格 仅供参考 建造师 优秀 专业技能 还 敏捷 思维能力 二级 建造师 管理 技术 经济 法律法规 综合 素质 高 复合型 人才 理论 水平 还要 丰富 实践经验 强 组织 能力 中国 建筑行业 现有 建筑 企业 10 万多家 从业人员 3600 多万 人 庞大 队伍 建筑 从业 资格证书 建造师 却 跟上 市场 需求 建筑 工程师 报考 人数 逐年 增加 通过率 逐年 下降 日益 激烈 市场竞争 促使 个人 加大 教育 投资 提高 知识 技能 中国 建筑业 技术 进步 取得 新 成果 建筑 法 管理 不断 推进 建筑施工 企业 重视 认可 建筑 法 申报 数量 高水平 建设 法规 数量 逐年 增加 近年来 建工 方 推广应用 大大提高 我国 施工 技术 管理水平 工程质量 企业 明显 经济效益 社会效益 二级 建造师 市场 上 供不应求 参加考试 候选人 员 相对,1
二级 建造师 一个月 钱 工资待遇,二级 建造师 一个月 钱 工资待遇 当然 不同 城市 岗位 薪酬 不小 差距 二级 建造师 岗位 较为 常见 尤其 社会 快速 发展 建筑行业 发展 很 迅速 二级 建造师 队伍 变得 庞大 岗位 薪资 不 属于 高薪 职业 当地 消费水平 北京市 北京 二级 建造师 二级 建造师 月薪 11400 元 月薪 12300 元 10 月薪 13000 元 10 以上 月薪 高达 13100 元 招聘 条件 经验 要求 占 23% 占 27% 10 占 40% 10 以上 占 12% 上海市 平均 月工资 11800 元 上海 二级 建造师 月薪 10000 左右 月薪 12500 元 月薪 13700 元 10 月薪 14000 元 招聘 需求 学历 要求 这块 高中 占 8% 大专 占 44% 本科 占 46% 经验 要求 占 25% 占 27% 10 占 38% 10 以上 占 12% 重庆市 平均 月工资 8300 元 二级 建造师 二建 薪资 工作 经验 增加 有所 上涨 月薪 7600 元 月薪 11700 元 月薪 12000 元 10 月薪 16000 元 10 以上 工作 经验 月薪 高达 27000 元 二级 建造师 设有 专业 建筑工程 矿业 工程 水利水电 工程 公路工程 机电工程 市政 公用 工程 每个 专业 工资待遇 不同 建筑工程 市政 公用 工程 机电工程 三类 专业 方向 历年来 报考 人数 高 社会 需求 热门 专业科目 二级 建造师 成功 取得 证书 意味着 加薪 数据 统计 显示 我国 建筑业 施工 企业 10 万多个 从业人员 3600 多万 庞大 队伍 取得 建造师 执业资格 证书 建造师 却 35 多人 如今 建造师 市场 上 人才 紧缺 近 20 年来 建造师 就业 前景 建造师 行业 人士 关心 我国 建筑 装饰 行业 以近 20% 年增长率 高速 发展 建筑业 施工 企业 10 万多个 从业人员 3500 多万 国家 建设 进一步 繁荣 建造师 将会 成为 人 梦寐以求 职业 每年 全国 建筑 市场 建设项目 众多 施工 项目经理 需要量 相当 建造师 报考 人数 逐年 增加 通过率 却 逐年 降低 考生 经常 说 建造师 好 比较 难考 随便 挂靠 单位 财源滚滚 话 俗气 证明 建造师 职位 前途 大好 高 需求 2018 全国 建筑业 企业 年末 从业人员 5563 万人 持证 很少 市场 持证 建造师 需求 巨大 高 薪资 二级 建造师 平均工资 约 9000 元 高 含金量 建造师 执业资格 证书 建筑工程 领域 含金量 高 证书 取得 执业资格 证书 担任 项目经理 技术 负责人 前提条件 考试 难易度 越难考 往往 含金量 越高越 吃香 考试 难度 当年 政策 需求 相关 考试 难度 看出 专业 市场前景 通过率 考试 难度 最 反映 建造师 专业 难度 排行 从易 难 依次 建筑 机电 公路 市政 铁路 水利水电 通讯 广电 民航机场 工程 港口 航道 工程 10 矿业 工程 专业 需求 数量 机电 市政 专业 市场需求 显著 增加 水利 专业 市场需求 增加 公路 专业 人数 市场需求 基本 持平 小 众 专业 市场需求 变化 不 基于 以上 分析 2020 考取 二建 好时机 各省 还 合格 标准 统一 说 大部分 省份 分数线 比较 低 不考 难道 等到 分数线 提高 再 费劲 心思 考,1
索尼 S930 电子 防抖 功能 伸缩式 镜头,索尼 S930 1010 万 有效 像素 倍 光学 变焦 倍 数码 变焦 伸缩式 镜头 电子 防抖 功能 对焦 辅助 灯 三好 街 商家 报价 700 元 感兴趣 不妨 考虑 考虑 外观 索尼 S930 银色 黑色 两种 颜色 供选择 外形 尺寸 约 89.5 61 26.1 屏幕 2.4 英寸 约 11 万 像素 液晶屏 机身 整体 线条 流畅 功能 索尼 S930 1000 万 有效 像素 2.3 英寸 Super HAD CCD 感光 元件 倍 光学 变焦 倍 数码 变焦 伸缩式 镜头 对焦 辅助 灯 对焦 范围 广角 约 50mm 无穷远 长焦 约 500mm 无穷远 电子 对焦 方式 机械 电子 快门 类型 内置 闪光 类型 自动 曝光 模式 面部 识别 功能 音频系统 接口 索尼 S930 USB2.0 接口 方便 用户 连接 存储 MS 卡 记忆棒 记录 容量 12M 索尼 S930 数码相机 价位 便宜 外观 性能 满足用户 需求 适 家用 入门级 三好 街 商家 报价 700 元 感兴趣 不妨 一下 商家,1
日立 环球 存储 公司 美国 西部 存储 公司 收购 迎来 20 年来 人员 裁减,HGST 即原 日立 环球 存储 公司 后 美国 西部 存储 公司 收购 近期 迎来 20 年来 人员 裁减 新加坡 厂 裁员 530 人 HGST 官方 说明 裁减人员 原因 人事 经营 成本 压力 增大 HGST 新加坡 厂 负责 生产 高端 硬盘 裁减人员 后 不久 「 Cobra E 制造 设备 移往 泰国 厂房 裁减 员工 多数 制造 经理 一半 新加坡人 HGST 新加坡 厂中 仍 40 位 员工 大部分 工程师 行政 员工 HGST 此次 裁员 新加坡 厂 原来 大规模 生产 设施 重新 定位 管理 泰国 中国 工厂 工程 中心 HGST 同行 竞争者 Seagate 美国 希捷 公司 已 制造 工厂 移出 新加坡 HGST 员工 收到 产业 标准 相符 补偿金 延长 医疗保险 2014 再 支付 工会 成员 会费 三个 直到 2014 为止,1
二级 建造师 专业 证书 含金量 更高,二级 建造师 一共 六个 专业 分别 建筑工程 机电工程 市政 公用 工程 水利水电 工程 公路工程 矿业 工程 接下来 小 编带 看看 二级 建造师 二级 建造师 专业 选择 六个 专业 含金量 更高 建筑行业 市场 证书 建筑工程 专业 专业 考试 难度 相对 小 全职 建筑行业 人员 项目经理 上升 管理层 级 选择 建筑 专业 挂靠 受欢迎 专业 市政 公用 工程 机电工程 公路工程 市政工程 机电工程 水利水电 工程 远比 建筑 专业 兼职 含金量 高 矿业 工程 兼职 含金量 高 看 当地 是否 这类 工程 找到 一大笔 收入 地区 选 不 价值 另当别论 考生 考取 二级 建造师 证书 基本上 是因为 工作 选择 二级 建造师 专业 方向 实际 出发 工作 经验 未来 工作 发展前景 做 分析 谨慎 选择 一部分 考生 还 确定 好 未来 工作 方向 这种 考生 考虑 好 因素 前提 观察 好 每个 专业 发展前景 还 社会 企业 需求 度 近期 专业 报考 人数 做出 决定 考生 做好 前面 两条 工作 后 选择 考生 参照 学历 专业 方向 选择 选择 出 专业 符合 实际,1
万家乐 空气 热水器 超低温 特有 智能化 霜 设计 抗 低温 解决 核心,每年 冬季 尤其 严重 酷寒 几个 总有 部分 空气 热水器 化霜 系统 不够 强大 出现 不 制热 现象 人 冬季 空气 热水器 制热 不给力 应为 缺少 热媒 其实不然 低温 惹 祸 万家乐 空气 热水器 智能 热水 抗 低温 解决 核心 千万 不要 以为 空气 热水器 怕冷 现象 局限于 个别 品牌 所有 空气 热水器 怕冷 抗冷 能力 有所区别 万家乐 空气 热水器 超低温 特有 智能化 霜 设计 结霜 智能 除霜 彻底解决 空气 热泵 机在 低温 环境 换热器 结霜 频繁 解决 冬季 制热 慢 弊端 机组 确保 全年 稳定 运行 空气 热水器 遭遇 突发 外界 环境温度 过低 现象 解决 还 空气 热水器 外机 安装 说起 行业 专家 称 空气 热水器 室外机 注意 防止 安装 环境温度 过高 低 温度 过高 通风 不 畅会令 室外机 吸气 散热 效果 变差 效率 低下 还 散热 不 畅 影响 压缩机 寿命 过低 温度 同样 不利于 空气 热水器 室外机 运行 它会 引起 压缩机 内 润滑油 变稠 黏度 增大 压缩机 启动 不 畅 点击 绕组 过流 损坏 风险 北方 冬季 气温 低 地区 空气 热水器 室外机 选择 向阳 区域 安装 全年 气温 高 南方 地区 选择 阳台 空气 热水器 制热 时间 短 家庭 空气 热水器 制热 不给力 性能 不给力 空气 热水器 室外机 散热 受 影响 间接 导致 空气 热水器 控 温差 最好 解决办法 改变 室外机 环境 使 室外机 移入 高温 环境,1
仙豆 智能 助力 汽车行业 数字化 转型 解决 五大 驾驶 焦虑,智能网 联 汽车 已 全面 进入 用户 体验 赛道 好地解决 车载 系统 痛点 缓解 车主 驾驶 过程 焦虑 成 亟待解决 难题 2020 20 长城汽车 上市 全新 2020 款哈弗 F5 这是 长城汽车 腾讯 仙豆 智能 三方 合作 首款 产品 仙豆 智能 成立 2019 助力 汽车行业 数字化 转型 成立 时间 上 仙豆 智能 行业 里 不折不扣 新人 首款 产品 仅用 上车 2020 款哈弗 F5 Fun life 智能网 联 系统 系统 融合 腾讯 系 海量 生态 服务 多方面 提升 用户 行驶 过程 体验 仙豆 公开课 腾讯 车 联产品 副总经理 邢辉 长城汽车 项目 项目 总监 李志金 仙豆 智能 产品 研发 副总裁 谢 平生 参与 分享 针对 如今 用户 驾驶 过程 通讯 焦虑 交互 焦虑 导航 焦虑 语音 焦虑 娱乐 焦虑 给出 相应 解决方案 通讯 焦虑 驾驶者 手机 互联网 实时 信息 不便 还 存在 安全 风险 完全 脱离 手机 驾驶者 置于 与世隔绝 状态 错过 重要 信息 导致 不必要 麻烦 由此 引发 焦虑 情绪 腾讯 车联 打造 车载 版微信 用户 方向盘 微信 既保证 用户 驾驶 信息 及时性 大大提高 安全性 具体来说 2020 款哈弗 F5 第一批 车载 微信 车型 车载 微信 专属 按键 设置 方向盘 上 用户 专属 按键 控制 界面 接收 发送信息 微信 消息 语音 播报 语音 实时 通话 位置 共享 快速 集结 功能 基本 解决 用户 驾车 途中 外界 沟通 需求 交互 焦虑 以往 功能 繁多 设计 杂乱 车载 系统 界面 用户 不少 困扰 仙豆 智能 Fun life 系统 服务 桌面 理念 基于 小 窗口 多任务 快触 达 特点 快捷 下拉菜单 扁平化 菜单 功能 设置 用户 易上 手 交互 体验 使 交互 效率 最大化 交互 焦虑 智能 驾驶 辅助 系统 缓解 长城汽车 项目 总监 李志金 智能 泊车 360 度 环视 行人 车辆 AEB 车道 保持 盲点 检测 辅助 功能 复杂 驾驶 场景 降低 用户 操控 车辆 难度 减轻 焦虑 感受 导航 焦虑 驾驶 过程 导航 算得 上 必备 工具 滞后 车载 导航 导致用户 付出 巨大 时间 成本 Fun life 系统 腾讯 高德双 地图 在线 导航 功能 用户 自由选择 切换 地图 道路 路况 在内 信息 车载 导航 实时 更新 手机 端 保持一致 提高 车载 导航 可靠性 降低 调用 导航 复杂性 动态 导航 卡片 三方 位置 互联互通 智能 导航 功能 应运而生 语音 焦虑 腾讯 2020 智能网 联 车主 调查 显示 58% 受访者 语音 交互 呆板 识别 能力差 很大 程度 上要 归因于 语音 交互 服务 智能 程度 有限 解决 方法 系统 听懂 人 话 Fun life 系统 腾讯 云小微 语音 交互 服务 全方位 语音 场景 减少 语音 交互 步骤 令 语音 交互 贴近 人们 正常 交谈 模式 王者 荣耀 玩家 用户 还 车内 游戏 人物 语音 包 消除 语音 助手 声音 陌生感 生硬 感 仙豆 智能 用户 智能 语音 助手 懂 用户 用户 建立 情感 连接 相关 操作 执行 精准 娱乐 焦虑 车载 系统 人 驾驶 愿意 手机 娱乐活动 切换 车载 系统 相关 软件 账号 不 互通 车载 系统 娱乐 内容 手机 丰富 腾讯 车载 应用 爱趣 听 2.0 聚合 海量 内容 应用 QQ 音乐 喜马拉雅 腾讯 新闻 腾讯 体育 微信 读书 只用 账号 打通 手机 车机 硬件 2020 款 F5 配备 虚拟 触控 大屏 DTS 音效 处理 更好 提升 用户 娱乐 体验 汽车 产品 单纯 拼 配置 拼 性能 时代 过去 最大化 车内 体验 上 满足用户 需求 才 重中之重 如今 汽车 产品 变得 聪明 距离 真正 智能 很大 提升 空间 解决 上述 五大 驾驶 焦虑 或许 好 开头,1
